res_id,gender,age,MateComp.cont,hate_violence_means,hate_pol_message,hate_prevent_settlement,hate_polcondemn
413687849,Male,53,4,3,2,2,2
421293544,Female,57,1,1,1,1,1
441067147,Female,41,1,1,1,1,1
487884642,Female,53,2,1,2,2,2
433866743,Male,52,1,4,4,3,1
437589043,Female,71,2,2,1,2,2
437757248,Female,34,3,2,1,3,1
443177848,Female,67,2,3,2,2,2
443207343,Male,24,3,3,3,2,3
477709148,Male,69,2,1,1,1,3
477735541,Female,24,2,3,2,1,3
477789740,Female,29,1,1,1,1,2
447342448,Male,68,2,2,2,2,1
487019140,Male,49,1,1,1,1,1
493894740,Female,46,2,2,1,1,2
483797749,Male,56,1,1,1,1,4
424748140,Male,51,1,2,2,1,2
473600343,Female,36,1,1,1,1,1
441474545,Male,28,3,2,1,1,2
427851140,Female,24,1,2,1,1,1
464284241,Female,36,1,2,2,2,2
403534046,Male,68,2,1,1,2,2
407071247,Female,32,1,1,1,1,1
411084048,Male,64,1,3,2,2,2
411700040,Female,31,2,1,1,1,2
413487448,Female,50,2,2,1,2,2
451221544,Male,36,1,1,1,1,1
414244647,Female,42,1,2,1,1,2
414972045,Male,59,2,2,1,2,2
417575743,Female,48,2,1,1,1,2
487774340,Male,60,3,3,4,2,2
421664441,Female,46,2,1,2,2,2
423387742,Male,64,2,1,1,1,1
423927040,Male,52,1,2,2,2,2
427044744,Female,61,3,1,1,1,1
497638346,Female,68,2,2,2,1,2
464609542,Male,68,1,3,1,1,1
433387843,Male,52,4,4,4,4,3
433497447,Female,34,2,2,4,3,2
441770849,Male,26,1,3,1,1,2
441920547,Male,25,2,2,2,2,1
401176342,Male,37,2,2,1,1,2
401610542,Male,22,1,1,1,1,1
437755041,Female,52,2,2,3,2,4
403487446,Male,51,2,1,1,1,2
481466641,Female,67,2,1,2,1,1
407012243,Female,43,1,2,1,1,2
487669446,Male,38,3,2,3,3,3
477386645,Female,27,1,1,1,1,4
433308141,Female,65,2,1,1,1,1
411351345,Female,44,1,1,2,1,2
413600945,Female,47,2,2,1,1,3
487814741,Female,30,1,1,1,1,1
464272440,Female,35,1,1,1,1,3
433297245,Female,50,2,1,1,1,2
463907245,Female,49,1,1,1,1,1
463213746,Male,44,2,2,1,1,3
497999341,Male,66,2,1,1,1,2
417838347,Male,45,3,2,3,3,2
404768345,Male,62,1,4,4,4,1
407379044,Male,35,2,2,1,1,2
411874243,Male,61,1,1,2,1,1
414143447,Male,54,3,3,3,3,4
457512847,Female,65,2,2,1,1,2
423266348,Male,31,2,3,2,2,1
467794642,Male,33,2,2,2,1,2
434369749,Female,65,1,1,1,1,1
483387744,Male,57,2,1,1,1,1
471731146,Male,55,2,2,2,2,3
473487846,Male,62,3,4,3,3,3
437589644,Male,26,3,3,3,4,2
403291747,Male,56,1,1,1,1,3
437662747,Female,40,2,3,2,3,2
437864941,Female,46,1,3,2,2,2
481847940,Male,27,1,1,1,1,2
447596344,Male,54,3,2,1,1,2
483574249,Male,33,1,1,1,1,1
451683245,Female,54,2,1,1,1,2
464590945,Male,44,1,1,1,1,1
457052447,Female,50,4,2,3,2,2
491263443,Female,32,3,3,3,2,2
493000040,Female,49,4,3,4,3,2
457898841,Male,60,2,1,1,1,1
457988945,Female,71,2,3,3,1,2
497770847,Female,24,2,2,2,2,2
493894940,Male,66,2,2,2,2,2
494062245,Male,59,2,2,2,2,2
497106344,Female,77,1,3,2,2,4
497272643,Female,28,2,1,1,1,4
427648043,Male,58,2,1,1,2,2
464404647,Male,49,1,2,1,1,1
464473243,Male,50,3,3,3,3,2
483013047,Male,41,1,1,1,1,1
487057744,Female,63,1,2,2,2,2
473718242,Male,49,3,2,2,2,2
451261248,Male,58,3,4,4,3,1
433029349,Female,49,2,2,1,1,3
423320240,Male,57,2,2,1,1,1
424062040,Male,62,1,1,1,1,3
481774347,Male,67,3,2,1,1,2
411904142,Female,59,3,2,2,2,2
417865545,Female,49,2,1,2,2,2
483658040,Male,35,2,3,2,3,2
411720745,Male,28,3,2,2,4,1
447876142,Female,55,1,2,1,1,1
481681245,Female,25,1,1,1,1,1
463329146,Female,58,1,1,1,1,3
483481542,Female,49,1,1,1,1,2
484194243,Male,58,1,1,1,1,1
464932944,Female,61,1,1,1,1,1
404574642,Male,60,1,1,1,1,1
493289643,Female,35,2,3,2,2,2
463143145,Female,63,3,1,1,1,2
417646148,Female,66,1,4,1,1,1
423632549,Male,45,3,2,2,2,2
457224340,Female,46,1,1,1,1,2
471934445,Female,29,1,1,1,1,2
474714049,Female,51,1,1,1,1,1
491614244,Female,63,2,1,1,1,2
413787644,Male,75,3,1,2,1,2
453333245,Female,72,2,2,2,2,2
423413145,Male,70,4,2,2,1,3
401020840,Male,19,1,1,1,1,2
467802246,Female,64,1,2,2,2,2
433224844,Female,47,1,1,1,1,1
453168649,Male,66,2,2,1,2,1
454469242,Female,59,1,2,1,1,1
424212040,Male,63,1,1,1,1,1
453778547,Female,41,4,3,4,4,4
427249941,Female,28,1,1,1,1,1
484189742,Female,37,1,3,2,2,3
423017443,Female,49,2,1,2,2,2
457358041,Female,48,2,1,1,1,2
443400941,Male,47,1,1,1,1,2
447257541,Female,20,3,3,3,3,2
477316447,Female,70,1,1,1,1,1
443886943,Female,66,2,2,1,1,1
421666441,Female,59,2,1,1,1,1
463121645,Female,68,2,1,1,1,1
413654140,Male,34,2,3,3,2,3
487255247,Female,31,4,2,1,2,1
414058640,Female,66,1,1,1,1,1
424790249,Female,29,2,2,1,1,2
444833442,Male,47,3,1,3,3,2
407942549,Male,68,2,2,2,2,2
497012440,Female,30,1,2,1,1,2
471947646,Female,50,2,1,1,1,2
403145840,Female,70,1,2,1,1,1
457375845,Male,53,1,1,1,1,4
411253543,Female,76,2,2,2,1,1
484050049,Male,64,2,1,1,1,2
497472244,Female,38,1,1,1,1,2
473191744,Female,44,3,2,1,2,1
467082446,Male,56,2,3,1,2,1
477422140,Female,29,2,3,3,2,3
444609142,Male,53,1,1,1,1,1
437788240,Female,26,1,1,1,1,1
423717545,Male,59,1,1,1,1,1
407977349,Male,56,2,1,1,1,2
424532940,Female,28,1,1,1,1,1
401044645,Female,36,1,1,1,1,2
407696447,Male,24,2,1,1,1,4
467926140,Female,24,1,1,1,1,2
493294749,Female,69,2,1,1,1,1
401074346,Female,73,2,2,1,2,2
474379040,Male,50,1,1,1,1,1
437984142,Male,46,2,1,1,4,3
497782041,Female,21,2,1,2,1,1
403558844,Female,38,1,1,1,1,1
454062741,Male,58,1,1,1,1,1
414984640,Female,48,2,2,1,1,2
424933143,Male,52,2,1,1,1,1
433994941,Male,58,1,1,1,1,2
434232940,Female,30,2,1,1,1,1
467061846,Female,37,4,2,2,3,3
483894749,Male,70,1,1,1,1,1
413315540,Male,59,1,2,1,1,1
444472247,Male,51,1,1,1,1,1
407406346,Female,58,1,1,1,1,1
433887445,Female,55,1,1,1,1,1
403738545,Female,44,1,1,1,1,2
433528043,Female,69,1,1,1,1,1
473713243,Male,67,1,1,1,1,1
414404642,Female,32,2,1,1,1,2
421651540,Male,64,2,1,1,1,4
483237442,Female,72,3,1,1,1,1
483632245,Male,60,1,1,1,1,1
484412148,Female,30,1,1,1,1,1
417429844,Female,33,2,1,1,1,1
447814641,Female,36,3,2,2,1,2
454712541,Male,33,2,1,1,1,3
457155446,Female,20,1,1,1,1,1
493507743,Male,58,1,1,1,1,1
417014248,Male,58,2,1,1,1,1
484689242,Male,58,1,1,1,1,1
401173246,Male,21,3,4,4,4,4
431727142,Male,38,2,2,1,1,1
434928249,Female,40,3,3,4,4,1
483598142,Female,43,1,2,1,1,1
413294441,Male,71,4,4,3,3,3
463589740,Male,44,1,1,1,1,1
444984841,Male,37,1,1,1,1,1
443094949,Male,60,2,4,3,3,4
483387247,Female,33,1,1,1,1,2
477413747,Female,50,2,2,1,1,2
473291142,Male,55,3,2,3,3,2
493742642,Female,33,1,1,1,1,1
471983945,Female,30,1,1,2,2,3
453889443,Male,82,2,2,2,2,2
487650945,Female,50,1,3,4,3,4
474609747,Male,48,3,3,3,3,2
433194146,Female,71,2,1,1,1,1
411483643,Male,29,1,1,1,1,2
417234344,Male,61,1,1,1,1,1
473534142,Male,64,2,2,3,1,2
417356444,Female,22,2,1,1,1,2
471517044,Female,56,1,1,1,1,1
427285441,Female,26,1,1,1,1,1
483894847,Male,74,2,1,2,1,1
437186245,Male,29,3,2,2,3,2
477148646,Female,39,2,1,1,1,2
447955347,Female,23,2,2,2,1,2
414569543,Male,48,2,3,2,2,1
417525649,Male,60,1,1,1,1,4
443950944,Male,48,3,1,1,1,1
457254543,Female,39,1,1,1,1,1
451843145,Male,73,3,2,3,3,1
443654149,Female,31,1,3,2,2,3
457077149,Female,56,1,1,1,1,1
423907845,Male,49,1,1,1,1,1
491764140,Male,53,1,1,1,1,1
421820342,Male,23,1,1,1,1,1
481101748,Male,22,4,4,4,4,1
477921442,Female,67,2,2,1,1,1
481014440,Female,47,2,3,3,2,2
453025940,Male,51,2,2,2,2,2
454794145,Female,45,2,1,1,1,1
437736740,Female,39,1,1,1,1,1
437998448,Female,38,2,1,1,1,1
421837649,Female,22,2,1,1,1,2
401817640,Male,28,3,4,4,4,1
443294741,Male,56,2,1,1,1,1
451244644,Female,62,2,2,1,1,4
413577940,Female,38,2,1,1,1,2
401210744,Male,21,1,1,1,1,1
447955947,Male,68,2,1,2,2,2
421231243,Female,41,2,1,1,1,2
407339644,Male,25,3,1,1,1,1
487909948,Male,29,1,1,1,1,1
427243249,Male,35,1,1,1,1,1
493487941,Female,60,1,1,1,1,2
467877848,Male,65,2,3,1,1,1
411081447,Female,27,1,1,1,1,2
467895942,Female,67,2,2,2,2,3
493894842,Male,36,1,2,1,1,1
434633747,Male,30,1,1,1,1,2
407638843,Female,34,1,2,2,2,2
477741940,Male,31,2,1,1,1,2
497123245,Female,26,1,2,1,2,2
473863541,Male,46,2,3,2,3,3
493687841,Female,31,1,1,1,1,3
407433941,Male,61,1,2,1,2,2
437676442,Female,60,3,3,2,2,2
441647648,Female,49,1,2,1,2,3
467198244,Female,31,1,1,2,1,1
404469046,Male,55,2,1,1,1,1
493894140,Male,53,4,2,2,2,1
441146043,Male,21,2,3,3,3,2
417714241,Female,30,1,2,1,1,3
433487646,Male,54,1,1,1,1,1
433278444,Male,74,3,3,3,4,4
477808743,Female,24,2,2,2,2,3
433174540,Male,34,1,1,1,1,1
487285642,Female,55,1,4,1,1,4
421774449,Female,65,2,1,1,1,2
493368047,Male,48,1,1,1,1,1
441551341,Male,27,1,1,1,1,2
484584846,Female,37,1,1,1,1,1
431000544,Female,22,1,1,1,1,2
417733946,Female,51,1,1,1,1,1
401246940,Female,66,1,1,1,1,1
454689146,Male,48,1,2,1,3,2
467365840,Male,29,3,3,2,2,2
427845648,Male,47,3,1,1,1,1
423878241,Female,37,2,1,1,1,2
444094743,Female,48,2,1,1,1,2
424412846,Male,45,3,2,1,1,1
483621647,Female,71,3,2,1,2,2
427217641,Male,77,1,1,1,1,1
483560546,Male,44,2,1,1,1,1
474524347,Female,37,4,2,2,1,2
487081146,Female,53,1,3,1,1,2
493994345,Male,49,2,3,3,3,2
477789246,Male,39,4,3,2,3,3
404988441,Female,63,1,2,1,1,1
433010445,Male,28,1,1,1,1,1
413474947,Male,34,2,1,1,1,2
474484643,Male,29,1,1,1,1,1
493181543,Female,23,2,1,1,1,1
477285948,Female,43,1,3,2,1,1
411220046,Female,21,1,1,3,2,3
451683843,Male,22,1,2,1,1,1
403777848,Female,50,1,1,1,1,1
473894240,Female,30,2,2,2,2,1
477967046,Female,28,1,1,1,1,1
497825940,Female,46,1,1,1,1,2
444334042,Female,53,1,1,1,1,1
487478242,Female,60,4,2,2,2,2
421433544,Female,31,4,4,1,4,1
421496742,Male,33,1,2,3,2,4
487250543,Female,34,2,2,3,3,3
427345245,Male,71,2,1,1,1,2
463332748,Female,59,2,1,1,1,2
421536044,Female,53,1,1,1,1,1
413097243,Female,25,1,1,1,1,2
464816343,Male,43,1,4,3,3,3
484517647,Male,39,4,4,4,4,1
497614540,Male,70,1,1,1,1,1
487886243,Female,48,2,2,3,3,2
443732845,Male,49,4,2,2,2,1
414820941,Female,55,1,1,1,1,1
411613344,Female,21,1,1,1,1,1
443594643,Female,45,2,1,1,1,1
471280444,Male,21,1,1,1,1,1
401617043,Male,21,1,1,1,1,3
403300942,Female,31,2,2,2,2,3
463132640,Female,23,1,1,1,1,2
411916448,Male,27,2,1,1,1,2
494988546,Male,51,2,2,1,1,2
443528645,Male,71,1,1,1,1,1
481330241,Male,32,1,1,1,1,4
484912846,Female,58,1,2,1,1,2
421214648,Male,56,1,2,1,1,1
463901040,Male,43,2,2,3,4,2
421941242,Female,20,2,2,2,1,3
487020443,Female,58,1,2,1,1,1
447680541,Female,30,2,2,1,1,2
413032840,Female,54,1,1,1,1,1
444294746,Male,61,2,1,1,1,2
473590849,Male,67,3,3,2,2,2
417422441,Male,78,2,1,1,1,1
441680746,Male,29,2,1,1,1,1
481181143,Female,20,4,4,4,4,1
463763647,Female,62,1,1,1,1,1
443229448,Male,55,1,1,1,1,1
473533142,Female,54,2,1,1,1,1
453681341,Male,27,3,3,3,3,3
421467543,Male,64,2,1,1,1,1
427251847,Male,64,2,2,1,1,1
497821748,Male,57,2,2,2,2,2
423443346,Female,57,2,3,2,2,3
487345448,Female,32,1,1,1,1,1
441536143,Female,58,1,1,1,1,2
463142643,Male,33,1,2,1,1,2
431576847,Male,36,2,2,2,2,3
427275743,Male,22,3,1,3,3,2
444232347,Female,37,1,1,2,2,2
413267247,Female,46,1,1,1,1,2
431981943,Female,20,2,2,2,1,2
411617746,Female,48,1,1,1,1,2
424309041,Male,51,1,2,2,2,2
451980546,Male,22,1,1,1,1,1
451094641,Female,40,2,1,1,1,1
423173249,Female,26,2,1,2,2,2
491684441,Female,45,2,3,1,1,1
494662641,Male,65,2,1,1,1,1
427746841,Female,75,2,1,1,1,1
461530745,Female,65,1,1,1,1,2
471680044,Female,54,2,2,1,1,1
433164642,Male,56,1,1,1,1,1
461991944,Female,62,2,3,3,3,3
413854543,Female,58,1,1,1,1,2
424269444,Male,48,2,1,1,1,2
491283849,Female,52,1,1,1,1,3
411231847,Female,25,4,3,3,2,3
467035048,Male,60,3,2,2,2,1
474067441,Female,43,1,1,1,1,2
491110045,Female,20,2,3,2,3,3
417528246,Female,45,3,1,1,1,1
411771140,Female,20,2,1,1,1,2
443894543,Male,48,3,1,1,1,2
493907846,Male,45,1,1,1,1,2
464789348,Female,53,4,4,4,4,3
471497947,Female,79,4,3,1,2,2
427546645,Male,56,1,2,2,2,3
474543246,Male,52,2,2,1,2,1
477129345,Male,54,2,4,4,4,3
413020749,Female,51,2,2,2,2,3
487386943,Male,33,1,1,1,2,2
481494144,Female,66,2,3,2,2,2
463887148,Male,39,2,1,1,1,2
497509444,Female,22,1,3,2,1,2
483969344,Male,43,3,4,3,2,4
467939147,Female,65,2,2,2,2,3
411993941,Female,25,1,1,1,1,1
461843548,Female,51,4,4,3,3,2
444569542,Male,46,1,1,1,1,1
494208845,Female,49,4,3,3,4,1
404163642,Male,28,2,2,2,2,1
461853844,Male,19,2,2,3,2,1
427421446,Male,44,2,1,1,1,1
454784648,Female,55,1,1,1,1,1
401060448,Female,52,1,1,2,1,2
417347747,Female,26,1,1,1,1,2
497392748,Male,67,1,1,1,1,1
484164145,Female,29,1,2,1,1,3
443833847,Female,66,1,1,1,1,1
483628840,Female,28,4,3,4,4,2
497838046,Female,50,3,3,2,2,3
487198542,Female,26,1,2,1,1,3
433673640,Male,57,1,1,1,1,1
401167645,Male,69,1,2,1,1,1
467073842,Male,30,2,2,2,2,2
493257947,Female,52,2,2,2,2,2
457179547,Male,47,3,2,2,2,2
437489640,Female,24,1,2,1,2,1
463787949,Male,48,3,1,2,1,2
473694249,Male,62,1,1,1,1,3
491571945,Male,61,1,1,1,1,2
477345945,Female,21,1,1,1,1,1
413318542,Female,27,1,1,1,1,2
477413341,Female,53,3,2,3,2,2
417878547,Female,75,2,1,1,1,1
424767144,Female,49,1,2,1,1,2
471247444,Male,30,4,3,4,4,4
477665148,Male,59,2,1,1,1,1
437840040,Female,43,3,3,3,3,1
403294645,Male,45,2,3,3,3,2
463971748,Female,32,2,1,1,1,2
443301240,Female,44,1,1,1,1,1
447771247,Male,21,3,1,1,1,1
467448748,Female,39,2,2,2,2,3
411984746,Female,57,1,2,1,1,2
487155942,Female,52,2,2,2,2,1
493777749,Female,55,1,1,1,1,1
414504645,Female,54,1,1,1,2,2
401820744,Female,26,4,2,2,1,1
461867943,Male,68,1,1,1,1,1
447311244,Female,58,1,1,1,1,1
401541542,Female,25,3,2,3,3,3
407014047,Male,66,2,2,2,2,1
481253642,Male,67,1,1,1,1,1
411593947,Male,28,1,1,2,1,2
457377847,Male,29,2,1,1,1,1
451197544,Female,51,3,2,2,2,2
443133448,Male,73,2,3,3,2,1
453377447,Male,25,1,1,1,1,3
451371446,Male,74,1,1,1,1,1
477057145,Male,57,2,1,1,1,3
483894049,Female,42,1,1,1,1,2
403773344,Male,50,1,1,1,1,1
481041949,Male,37,1,1,2,2,1
441567448,Female,54,1,2,1,1,1
414673944,Male,47,3,2,1,1,2
411401541,Female,50,1,1,1,1,2
417511646,Male,27,1,3,2,3,3
477241943,Female,52,1,1,1,1,1
433813548,Female,50,1,1,1,1,1
463870340,Male,48,1,1,1,1,1
413981448,Male,53,1,1,2,1,3
487783746,Male,48,2,2,2,1,3
423785142,Male,45,3,4,3,3,1
487616542,Male,26,2,3,1,4,1
471141947,Male,20,3,3,3,3,2
484190049,Male,27,2,3,1,1,2
413894845,Male,59,3,2,2,2,3
493309549,Male,52,1,1,1,1,1
403907543,Female,50,1,1,1,1,2
483737942,Male,36,1,1,1,1,2
423887346,Male,56,2,1,1,1,1
477199447,Male,31,1,1,1,1,2
457403449,Male,67,2,1,1,1,1
437442140,Male,26,1,1,1,1,2
464362247,Male,41,1,1,1,1,1
403400048,Male,78,1,4,4,1,1
473400848,Male,43,1,1,1,1,1
473087341,Female,44,1,1,1,1,2
434308744,Female,30,1,1,1,1,1
471697944,Male,27,3,1,1,1,2
497585346,Male,50,2,2,1,1,1
497794145,Male,36,2,2,1,1,1
473894744,Female,59,2,3,3,3,4
441824545,Female,69,1,2,1,1,1
467006149,Male,25,1,2,2,3,3
424309749,Male,28,2,2,2,2,3
444686746,Female,63,2,1,1,1,2
451826142,Male,23,3,2,2,3,2
467442540,Female,30,1,1,1,1,1
401664249,Female,52,2,2,1,1,4
484804841,Male,54,1,1,1,1,2
493574545,Male,33,1,2,1,1,1
431956246,Male,22,2,1,1,1,4
474168746,Female,65,1,2,1,1,2
477498049,Male,29,2,4,3,3,3
403961544,Male,46,1,2,1,1,2
423861147,Female,27,1,1,1,1,1
407014841,Male,58,1,1,1,1,2
411010242,Male,35,2,1,1,1,2
463164345,Male,54,1,1,1,1,1
463087940,Male,54,3,3,3,2,2
423387543,Male,44,1,1,1,1,2
473487248,Male,75,3,2,2,2,3
444643340,Male,51,2,2,1,1,4
423687447,Male,50,2,2,2,2,2
403874340,Female,28,2,1,1,1,2
453013245,Female,58,1,1,1,1,1
473943141,Male,28,3,2,2,2,2
464898043,Female,64,2,1,1,1,1
433763047,Female,68,1,1,1,1,2
434968141,Female,50,1,1,3,2,2
421773345,Male,35,4,1,2,3,1
473257843,Male,60,2,1,1,1,1
497403947,Female,39,2,2,2,2,4
487129343,Male,61,3,1,2,2,1
431371246,Male,20,2,2,2,2,2
493898144,Male,55,1,1,2,2,2
464643646,Female,55,1,1,1,1,1
447178940,Male,47,1,2,1,1,1
423808948,Male,62,1,2,1,1,1
483355545,Male,38,2,3,2,2,3
421934645,Female,51,3,2,4,4,1
413161446,Male,34,4,3,2,3,2
467606749,Female,29,1,1,1,1,2
463448245,Female,59,2,1,1,1,1
483594043,Female,57,1,1,1,1,3
443598043,Male,63,3,3,4,4,3
491114043,Male,54,2,2,1,1,1
423478647,Female,61,1,1,1,1,1
451901847,Female,28,1,2,1,1,1
474564340,Male,66,2,3,1,3,1
443294744,Female,45,2,1,2,2,1
423342046,Female,34,4,1,1,1,2
477780143,Male,27,2,1,2,2,2
453654647,Female,61,1,1,1,1,1
464050549,Female,58,3,2,1,1,2
471740340,Female,73,1,1,1,1,4
481214744,Male,46,1,4,4,4,3
414744247,Male,66,1,2,1,1,2
407987140,Female,20,2,1,1,1,2
434544946,Female,56,1,1,1,1,1
427585646,Female,22,1,1,1,1,1
484303240,Male,41,1,1,1,1,1
404073343,Female,30,2,2,2,2,3
467219142,Female,46,1,2,1,2,3
481993843,Male,36,1,1,1,1,1
431636045,Male,30,2,2,3,3,1
451491149,Male,52,2,1,1,1,2
433608841,Male,23,3,2,3,4,1
467711447,Male,46,2,1,1,1,2
464743642,Female,67,1,1,1,1,1
471423449,Male,56,2,1,1,2,2
483041446,Female,67,1,1,1,1,1
453833449,Male,49,1,1,1,1,1
491364142,Male,51,3,2,1,1,2
407538241,Male,41,1,1,1,1,1
493197447,Female,28,1,2,1,1,2
427346946,Male,66,1,1,1,1,1
407990844,Female,22,1,3,2,3,3
481941341,Male,50,2,1,1,1,2
453894149,Female,46,4,3,3,3,3
471021049,Male,20,1,2,1,1,1
463894945,Male,37,2,2,2,2,2
487589643,Male,54,1,1,1,1,1
407668445,Male,29,1,4,4,4,4
464867840,Male,49,3,2,2,2,2
403387346,Male,49,2,1,2,1,2
431801540,Female,71,2,3,2,1,1
433387140,Male,50,3,3,2,3,2
491714841,Male,41,4,1,1,1,1
454608341,Male,62,1,1,1,1,4
453037642,Male,57,1,1,1,1,1
497678547,Female,53,1,1,1,1,1
481071845,Male,28,1,1,1,1,1
424267740,Female,37,2,2,1,1,2
477327245,Female,20,1,2,1,1,2
451291649,Male,29,1,1,1,1,2
491411847,Female,22,3,2,2,2,3
477331541,Male,26,4,4,4,4,4
433703548,Male,26,1,1,1,1,2
477819340,Male,61,1,2,1,1,3
423063745,Female,53,1,1,1,1,1
417347245,Female,30,2,1,1,1,2
463429042,Male,50,4,1,1,1,1
411617141,Male,68,1,1,1,1,2
484909242,Female,69,2,2,3,2,4
413673243,Male,51,2,3,3,2,2
433077542,Male,32,1,2,2,2,2
457185048,Female,50,2,2,1,1,1
421180442,Female,20,1,1,1,1,2
443187043,Male,77,1,1,1,1,1
471491740,Male,32,2,2,4,2,2
461514940,Male,76,2,2,1,1,1
483690443,Female,74,2,2,2,2,2
497324947,Female,55,2,1,1,1,1
477228541,Female,19,1,1,1,1,2
414772842,Female,63,1,1,1,1,1
487246340,Female,53,2,1,1,1,2
474784749,Female,50,1,2,1,1,2
427097345,Female,54,2,1,1,1,3
477828941,Male,33,1,3,3,2,2
457309842,Male,31,4,2,1,2,1
417515842,Female,54,1,1,1,1,4
431833540,Male,74,3,2,1,2,4
497415247,Female,48,1,2,1,1,2
474004743,Female,64,1,1,1,1,1
493117145,Male,58,2,2,1,1,2
454914640,Male,58,3,2,3,3,3
493866942,Male,19,1,2,1,1,2
427418843,Female,62,2,2,1,1,1
467914142,Female,24,1,1,1,1,1
441586348,Male,20,4,4,4,4,1
443887341,Male,70,2,1,1,1,2
457014749,Female,65,2,2,3,2,2
473200244,Female,40,2,3,4,4,4
423477944,Female,59,2,2,1,1,1
451487046,Male,27,1,1,1,1,1
444572745,Male,41,4,3,2,2,3
447038247,Male,63,2,1,4,1,4
403642648,Male,23,1,1,1,1,1
463054847,Female,33,2,3,3,2,2
464384842,Male,59,1,1,1,1,1
473354841,Female,39,1,2,1,2,2
434762147,Male,38,1,1,1,1,1
473994845,Male,44,1,1,1,1,1
407609341,Female,36,1,1,1,1,1
431511145,Male,25,3,2,1,1,3
423889947,Male,80,1,4,4,4,1
431257145,Female,19,2,3,1,1,2
484790946,Male,34,1,1,1,1,4
417457247,Female,28,1,2,3,2,3
421970347,Male,31,2,1,1,1,1
403787940,Female,48,1,2,1,2,4
421563443,Male,68,1,1,1,1,1
497386644,Female,52,1,4,4,4,4
411220142,Female,58,2,1,1,1,4
424017543,Female,58,2,2,1,1,1
424609945,Female,53,3,2,3,3,2
413174249,Male,26,1,1,1,1,2
421414945,Female,27,1,1,1,1,1
471596944,Female,50,1,1,1,1,1
484972242,Male,38,3,2,2,2,3
431220047,Male,22,2,1,2,2,3
454098843,Male,46,2,2,1,2,2
497189448,Female,65,1,2,1,1,1
461447049,Female,47,1,1,1,1,1
411016947,Female,60,2,1,1,1,1
423998542,Male,51,1,1,1,1,2
431080446,Male,27,3,3,3,3,2
453538044,Female,48,2,3,3,2,3
474084640,Female,49,1,2,1,1,2
401981847,Male,62,1,1,1,1,2
423432245,Female,64,2,1,1,1,1
441066840,Female,59,2,1,1,1,1
401674640,Male,63,1,1,1,1,1
421896148,Male,30,2,2,2,2,1
447032242,Female,38,1,1,1,1,1
431253448,Male,63,1,1,1,1,1
403898642,Male,64,1,1,1,1,1
444312247,Male,27,2,1,1,1,2
437144049,Female,21,2,2,2,2,2
481446049,Male,25,3,4,4,4,4
401364743,Male,34,2,3,4,4,2
421243543,Male,34,2,2,2,3,2
467325840,Female,32,3,2,3,3,1
421414742,Female,31,2,1,1,1,2
417663045,Female,60,2,1,1,1,1
451117040,Male,29,3,3,3,3,2
471051048,Male,48,2,4,3,3,2
421716145,Male,21,3,2,3,3,2
471410449,Male,39,1,1,1,1,2
417519947,Female,57,3,4,2,3,3
434709242,Female,58,3,2,1,1,2
411074840,Male,54,2,1,1,1,2
473894947,Male,37,3,3,2,3,3
473894247,Male,68,1,1,1,1,2
447558943,Female,57,2,2,3,3,4
423478141,Female,51,2,2,2,2,2
457498045,Female,65,1,2,2,2,2
484369240,Female,46,1,1,1,1,1
454484240,Female,50,1,1,1,1,1
481371146,Female,26,1,4,3,3,3
491911846,Female,48,2,4,3,4,3
414894146,Male,53,1,1,1,1,1
461216742,Male,19,3,4,2,3,1
407571943,Male,33,4,3,3,3,3
463580748,Female,63,3,2,3,3,3
477213449,Female,32,2,3,3,3,3
457458543,Female,35,2,3,2,1,2
487602445,Male,47,3,2,2,3,3
403731544,Female,53,1,1,1,1,3
483971641,Male,78,3,2,2,2,1
457053047,Female,26,3,3,2,2,2
457599746,Male,66,1,1,1,1,1
407502446,Female,51,1,1,1,1,2
491230941,Female,53,1,1,2,2,3
491017440,Female,62,1,2,1,1,2
493787745,Female,64,2,1,1,1,2
481724247,Female,61,1,1,1,1,1
447915343,Male,63,1,1,1,1,2
401923348,Female,52,1,1,1,1,1
473894843,Male,57,3,2,2,3,3
487278747,Female,29,1,4,3,2,3
474430249,Female,60,1,1,1,1,1
483171940,Female,62,1,1,1,1,2
487008740,Female,35,1,1,1,1,1
457175448,Male,45,1,1,1,1,1
477392143,Female,54,3,1,1,1,1
417293743,Female,43,4,1,1,1,1
411753940,Female,52,2,1,1,1,1
463774549,Female,39,2,1,1,1,1
497309040,Female,56,1,2,1,1,1
493787144,Female,59,1,1,1,1,2
467720845,Female,31,1,3,3,3,3
461811645,Female,30,1,1,1,1,2
441634347,Female,43,1,1,1,2,3
441971344,Female,24,2,1,1,1,1
454512245,Male,47,2,2,1,1,2
444804745,Male,36,2,2,1,1,1
464519144,Female,56,1,1,1,1,1
437607249,Male,34,2,2,2,2,2
483368646,Male,70,2,3,1,1,1
451757845,Male,35,2,1,2,2,2
453869146,Male,50,1,2,1,1,1
443507343,Female,52,1,1,1,1,2
424909043,Male,61,2,1,1,1,1
424509142,Male,67,1,1,1,1,1
493767247,Male,57,3,1,1,1,1
471914443,Male,49,1,2,1,1,3
481323747,Male,27,1,1,1,1,2
491813248,Male,26,2,1,1,1,1
451920149,Male,26,2,3,3,1,2
463781448,Male,26,1,2,1,1,1
493187942,Female,56,1,2,1,1,2
444357742,Male,57,3,3,1,1,1
443143140,Male,65,1,2,1,1,1
497869744,Male,37,2,2,2,1,1
441023844,Male,19,1,1,1,1,4
444984944,Female,45,1,1,1,1,2
493687641,Female,62,1,1,1,1,1
413733544,Female,67,2,2,2,2,1
427326345,Male,46,2,1,1,1,1
473610645,Female,50,1,2,1,1,1
467183343,Male,38,4,2,1,1,3
487649546,Female,51,2,1,1,1,1
474414144,Female,49,4,2,2,2,3
413017749,Female,43,1,1,3,1,2
403507243,Male,68,2,3,2,1,4
497382843,Male,45,2,1,2,2,2
491920346,Male,33,2,3,2,3,2
444608345,Female,56,1,1,1,1,1
423174843,Female,51,1,1,1,1,1
464242543,Male,50,2,2,1,1,2
443168244,Female,55,2,1,1,1,2
457425745,Female,34,1,1,1,1,1
461080744,Female,51,1,1,1,1,1
464604542,Male,65,2,2,1,1,1
404144440,Male,34,1,1,1,1,1
464472947,Female,79,3,2,2,2,3
443728243,Female,32,2,4,3,3,4
411643744,Female,20,1,1,1,1,3
463294542,Female,58,2,1,1,2,1
464212449,Female,56,2,1,1,1,2
491834945,Male,45,2,1,1,1,1
441563142,Female,71,2,2,1,1,1
454163744,Male,39,2,1,2,1,2
497772446,Female,53,1,1,1,1,1
417370349,Female,48,1,1,1,1,1
433472842,Male,27,2,2,1,2,1
403294249,Male,65,3,1,1,1,2
483898447,Male,50,1,1,1,1,2
483997747,Male,43,2,1,1,1,1
443507347,Female,49,2,2,2,2,3
411261647,Female,51,2,3,2,2,3
483648240,Female,20,1,2,2,2,2
477198343,Female,46,3,3,3,3,2
431287943,Female,55,4,4,4,4,4
457319643,Male,54,2,1,2,2,2
497802344,Female,47,2,1,1,1,2
471317744,Female,33,4,2,1,1,2
484912246,Male,46,2,1,1,1,2
483428545,Female,64,1,1,1,1,1
493087640,Female,44,3,2,2,3,2
471474144,Male,57,3,2,2,2,3
467637643,Female,51,1,1,1,1,1
481971544,Female,29,2,1,1,1,2
467682047,Female,30,1,1,1,1,1
463873348,Male,64,1,1,1,1,1
447205243,Male,61,1,1,1,1,1
423674847,Female,50,1,1,2,2,1
441917542,Female,51,2,2,2,2,2
481220841,Male,34,1,1,1,1,1
464464840,Female,66,3,3,4,4,3
467652746,Female,24,1,2,4,3,4
427946844,Male,77,2,1,1,1,1
413289247,Female,35,2,2,3,2,2
453294749,Female,51,3,1,2,2,2
423994444,Male,43,2,4,2,2,2
417635247,Male,47,1,1,1,1,1
433907344,Male,64,2,1,1,1,1
481617341,Female,47,2,2,2,1,2
433097247,Female,51,3,2,2,3,3
491840440,Male,22,2,1,2,3,2
453893340,Male,31,1,2,1,1,1
447636946,Male,48,2,1,1,1,1
411443942,Male,28,1,1,1,1,1
403907243,Female,56,1,1,1,1,1
461820342,Female,57,1,1,1,1,1
403894642,Male,41,3,2,3,3,2
423177841,Male,55,1,1,1,1,2
484528241,Female,56,1,1,1,1,1
443942246,Male,43,2,1,2,2,1
411201844,Female,29,1,1,1,1,1
487038440,Female,44,4,4,4,4,4
471617047,Female,60,2,2,1,2,2
433131348,Female,49,1,1,1,1,1
483321247,Male,38,1,1,1,1,2
431681940,Female,23,1,1,1,1,1
411920148,Male,21,2,1,1,1,1
494208943,Male,41,3,2,1,1,2
457165148,Female,69,2,2,1,1,3
464344242,Female,41,2,4,4,3,3
493205841,Female,26,2,1,1,1,1
477403645,Male,73,2,1,1,1,1
433589144,Female,62,3,2,2,2,3
477285041,Female,28,1,1,1,1,1
411991246,Female,19,1,1,3,1,4
481271547,Male,21,2,3,3,2,1
481911449,Male,27,1,1,1,1,1
493481044,Male,42,1,3,2,3,3
443617749,Male,56,2,3,3,4,3
427627446,Male,60,1,1,1,1,2
437857740,Female,26,1,1,1,1,2
481211946,Male,32,1,1,1,1,2
437074242,Male,28,3,2,2,1,1
421256849,Male,24,3,3,3,3,2
437416342,Female,31,1,2,3,2,4
433994849,Female,38,2,1,1,1,2
457704548,Female,30,1,1,1,1,1
477094046,Female,37,1,1,1,1,2
453777449,Female,61,1,3,3,3,3
414163749,Female,56,1,2,1,1,2
454750349,Female,52,1,1,1,1,1
473364540,Female,47,1,1,1,1,1
491300140,Male,21,1,1,1,1,1
454012044,Male,43,1,1,1,1,1
471083242,Female,52,1,1,1,1,2
473634040,Male,62,2,1,1,1,2
444856040,Male,35,1,1,1,1,1
421674946,Female,56,3,2,2,2,2
474017945,Male,41,3,1,1,1,3
421631040,Female,20,1,1,1,1,1
477177444,Male,49,3,2,1,1,3
427499841,Female,38,2,1,1,1,1
497385243,Male,64,1,1,1,1,1
413387549,Male,68,1,1,1,1,1
464144340,Male,40,1,1,1,1,1
484258846,Male,46,1,3,2,2,2
437331948,Female,27,1,1,1,1,1
453517841,Female,64,2,1,1,1,1
463187549,Female,52,4,3,2,2,2
441617241,Female,50,2,2,2,2,2
437702448,Male,44,1,1,1,1,1
407786141,Male,34,2,1,1,1,1
417485746,Female,63,2,2,2,2,2
413507343,Male,74,3,3,2,2,2
451941748,Female,26,1,1,1,1,1
461824146,Female,50,4,4,4,4,4
417925241,Female,37,2,2,2,2,3
403487044,Female,62,4,3,3,3,1
401027840,Male,30,1,3,1,1,3
477812342,Female,71,2,2,1,1,1
444148249,Female,59,1,1,1,1,1
481806242,Male,30,2,3,2,3,3
471720345,Male,40,2,1,1,1,2
493886945,Female,25,1,1,1,1,1
407407141,Male,46,1,4,4,3,4
487625549,Male,61,2,2,1,1,3
447435943,Female,57,1,1,1,1,4
491057640,Female,61,2,1,1,1,2
467722344,Female,32,3,3,2,2,3
463125748,Female,51,1,2,3,3,2
493794241,Male,36,2,1,1,1,3
461281646,Male,26,1,1,1,1,1
461226145,Female,45,1,1,1,1,1
454012446,Female,50,2,1,2,2,2
491824346,Female,52,2,2,2,2,2
407327442,Female,61,2,2,1,2,3
431441042,Female,57,1,1,1,1,1
407178241,Male,52,2,2,1,2,4
423711149,Female,25,2,1,1,1,2
461497641,Male,62,1,2,2,2,2
421610940,Male,26,1,1,1,1,1
471684743,Female,45,3,2,3,3,4
421516847,Male,31,4,4,4,4,4
443401043,Male,48,1,1,1,1,2
461580444,Female,53,2,2,1,1,2
401971743,Female,27,1,2,4,4,3
477970942,Male,53,2,1,1,1,1
497519242,Male,29,1,2,1,1,2
431967648,Female,28,1,1,1,1,1
403488843,Male,26,2,2,2,2,1
433834247,Female,39,2,2,1,1,1
437458443,Female,54,2,2,2,2,2
403994644,Female,59,1,1,1,1,1
427113146,Female,25,1,1,1,1,1
421421943,Male,35,1,2,1,1,3
461047343,Female,58,1,2,2,3,2
437627346,Male,52,1,2,2,1,2
453067640,Female,47,1,1,1,1,1
477924940,Female,58,1,1,1,1,1
491920840,Female,66,2,2,2,2,3
437619140,Male,19,1,1,1,1,3
464583644,Female,55,2,1,1,1,1
413507445,Male,59,1,1,1,1,1
491120147,Male,27,1,3,1,1,1
427845746,Male,45,4,3,4,3,1
464590846,Male,47,2,1,1,1,1
413218849,Female,51,1,1,2,2,2
454968844,Female,62,1,1,1,1,1
483289540,Male,58,2,2,2,2,2
491220841,Male,19,1,1,1,1,3
444786545,Male,47,1,1,1,1,1
411091043,Female,60,1,1,1,1,1
411253045,Female,56,3,3,3,3,2
411841042,Male,29,1,1,1,1,2
443787840,Female,56,2,1,1,1,1
401434542,Female,59,1,1,1,1,1
487116740,Female,50,1,1,1,1,4
441291840,Female,42,3,3,3,3,2
484309547,Female,27,2,3,2,2,3
423517748,Female,47,1,2,1,2,2
414443249,Male,57,2,2,2,2,2
461151048,Male,37,1,1,1,1,1
447415647,Male,35,1,1,1,1,1
481213648,Male,36,1,3,3,1,1
403458441,Male,62,2,1,1,1,2
461014140,Female,55,2,3,3,3,3
437276043,Female,59,4,2,2,2,2
403643346,Female,56,1,2,2,2,3
411960548,Female,53,2,1,1,2,2
437697046,Male,44,1,1,1,1,1
481576944,Male,38,2,4,1,2,3
421151848,Female,52,2,2,2,2,2
463674847,Male,45,4,4,4,3,1
447575040,Female,39,3,2,1,2,2
497272045,Female,54,2,1,1,1,1
441871746,Male,23,1,3,2,2,2
431830645,Female,65,3,2,1,2,3
411631341,Female,27,4,2,3,3,3
473968448,Female,55,2,1,2,2,2
474388444,Female,36,3,4,3,3,1
444714646,Female,68,1,1,1,1,2
457149047,Female,21,1,1,1,1,1
477402740,Male,54,2,1,1,1,1
447913143,Female,33,1,2,4,4,4
431833949,Male,41,1,1,1,1,1
471571048,Female,27,1,2,2,2,3
421401645,Female,25,2,4,4,4,4
401451541,Female,22,2,3,2,3,2
423087746,Female,50,2,4,4,4,4
447703645,Male,32,1,2,1,1,2
434968345,Male,58,2,1,1,1,1
444009848,Female,51,2,2,2,2,3
457155449,Female,45,4,4,4,4,4
413491549,Male,40,1,2,1,1,3
403442649,Male,59,3,3,3,3,3
483177243,Female,68,1,2,1,1,1
463377247,Female,35,2,3,3,3,3
453529141,Female,65,2,2,1,1,2
457795246,Male,21,4,4,4,4,1
437062842,Female,19,1,1,1,1,2
437667040,Female,24,1,1,1,1,1
421911645,Female,19,1,1,1,1,2
483354447,Male,51,3,1,1,1,1
461826440,Male,27,1,1,1,1,1
417898142,Male,40,3,1,1,1,1
427289947,Female,25,1,1,1,1,1
483674444,Male,73,1,2,1,1,1
403487141,Male,51,1,1,1,1,1
414598240,Female,64,1,1,1,1,1
494114840,Male,50,1,1,1,1,1
407795941,Female,22,1,2,1,1,1
473094942,Male,76,2,2,1,1,2
403143142,Male,63,1,1,1,1,1
447127244,Female,54,2,1,1,1,1
451341546,Male,47,1,1,1,1,1
467102141,Male,54,1,1,1,1,2
407375446,Male,67,1,1,1,1,1
494132849,Male,39,1,1,1,1,4
457664648,Female,29,1,3,3,3,1
467292746,Female,44,1,1,1,1,1
483689243,Male,49,1,1,4,2,1
477399047,Female,57,1,2,2,1,2
463809047,Male,62,2,1,1,1,1
473633148,Female,73,3,1,1,2,1
401257545,Female,19,1,1,1,1,2
474369441,Male,49,2,2,1,1,1
437926349,Male,46,2,1,1,1,2
414609543,Male,66,2,1,1,1,2
437398644,Female,68,1,1,1,1,1
433294040,Female,58,3,3,2,2,1
431880441,Female,66,3,4,1,2,1
463301742,Male,55,2,2,2,2,2
444762745,Female,57,1,2,1,1,1
457928448,Female,26,1,1,1,1,1
463209045,Male,54,4,3,2,2,3
423337541,Male,37,1,2,1,1,1
467331248,Female,55,2,1,2,2,3
483128344,Male,70,4,3,3,3,2
497027749,Male,47,4,4,4,4,1
467931343,Female,33,1,1,1,1,1
451497149,Female,56,1,1,1,1,1
467269843,Female,59,1,1,1,1,1
441180540,Male,21,1,2,3,3,1
414063843,Female,33,1,1,3,3,2
477613443,Female,60,3,2,1,1,1
424714142,Male,81,2,2,2,2,2
454189347,Male,65,2,1,1,1,1
471680948,Female,61,2,2,3,3,1
483288849,Female,47,1,1,1,1,1
433594949,Male,31,3,3,3,3,3
477871543,Male,26,1,1,1,1,1
433471749,Female,54,3,1,1,1,3
461903144,Male,29,1,1,1,1,1
423907145,Male,30,2,3,2,2,2
477649443,Male,55,1,1,1,1,1
433994240,Male,33,2,2,2,2,2
437834042,Male,49,3,1,1,1,1
427095643,Female,52,2,2,1,1,1
411820445,Male,30,1,1,1,1,2
417753648,Female,31,1,1,1,1,2
434954248,Female,35,1,1,1,1,1
404616540,Male,30,1,1,1,1,2
481154448,Male,30,2,3,3,3,2
487435347,Female,29,1,1,1,1,1
487361041,Female,58,2,1,1,1,3
457063744,Male,55,1,1,1,1,1
457441942,Female,32,4,3,2,2,2
463194649,Male,49,1,1,1,1,2
403894542,Female,46,1,1,1,1,2
471800340,Male,27,1,1,1,1,2
407012446,Female,28,2,3,2,2,2
434314948,Female,31,1,1,1,1,1
484514342,Male,58,4,1,4,4,1
483008240,Female,48,2,2,3,3,3
484344947,Female,45,1,1,1,1,1
461874140,Female,43,2,1,2,2,2
467312148,Female,43,2,2,2,2,2
417488444,Male,33,1,1,1,1,1
417649246,Male,50,1,2,2,2,2
434084549,Female,58,1,1,1,1,1
477571442,Male,37,2,3,3,3,3
417059041,Female,65,1,1,1,1,1
424369941,Male,24,3,2,1,2,2
454369441,Female,27,2,1,2,2,3
464389642,Female,31,1,1,1,1,1
444712847,Male,34,1,1,1,1,1
431666443,Male,35,1,2,1,1,1
444132745,Male,56,2,2,3,2,2
484214341,Male,30,2,1,1,1,2
434014243,Female,58,1,1,1,1,2
487874940,Female,53,1,1,1,1,1
433778846,Male,58,3,1,1,1,2
423158546,Male,39,2,1,1,1,4
473098140,Male,26,1,1,1,1,2
417854644,Male,57,3,2,1,1,1
463454741,Female,66,3,1,2,1,2
434883347,Female,49,1,1,1,1,1
411414044,Female,50,1,1,2,2,1
414772746,Female,34,1,1,1,2,3
497556641,Female,47,2,1,1,1,1
443598449,Male,55,2,4,2,4,3
411571145,Male,67,1,1,1,1,1
441720840,Male,28,1,1,1,1,2
461137241,Female,57,2,1,1,1,1
471080748,Female,28,2,1,1,1,2
423187943,Male,68,1,1,1,1,1
417778046,Female,35,2,1,1,1,1
427612941,Female,23,1,2,1,1,2
431871649,Female,25,2,1,1,1,2
453000146,Female,73,2,2,2,2,2
433087544,Male,54,1,1,1,1,1
451451147,Female,20,1,2,2,1,1
433743642,Female,62,2,1,1,1,3
453055449,Female,25,1,2,1,2,1
471687944,Female,50,2,1,1,1,2
434369145,Male,52,3,2,2,2,2
484050741,Male,32,2,2,1,1,3
497439040,Male,67,2,2,2,2,2
427175744,Male,37,1,3,3,1,1
403787749,Female,62,1,2,1,1,2
491383346,Male,70,1,1,1,1,1
474164148,Male,49,2,2,1,1,2
473433947,Female,37,1,1,1,1,1
423187640,Male,43,1,2,1,1,3
413567644,Female,54,2,2,3,2,3
401751540,Female,22,1,1,1,1,1
441491540,Female,60,1,1,1,1,1
434334241,Male,68,2,2,1,1,1
483298449,Male,65,2,3,3,3,2
417703643,Female,39,3,1,1,1,4
481020042,Female,26,1,1,2,1,2
417274641,Female,36,1,1,1,1,1
461511245,Female,59,2,3,3,1,1
423507846,Female,37,1,1,2,1,1
417377048,Female,26,2,2,1,1,3
497088642,Male,19,1,4,1,2,3
481913341,Male,64,2,2,2,2,2
451641443,Male,27,1,3,3,1,2
453507945,Male,49,3,4,3,3,1
443687642,Male,65,1,1,1,1,2
497457349,Female,60,1,2,1,1,1
403787641,Male,54,1,1,1,1,2
451856240,Male,35,3,2,4,3,3
487901842,Female,38,3,4,3,3,3
443958840,Male,31,1,1,1,1,1
413929344,Female,58,1,1,1,1,1
404404943,Male,36,4,2,2,2,3
443400946,Female,53,1,4,1,4,1
443354342,Female,49,1,2,1,1,1
493958247,Female,52,1,1,1,1,2
477639048,Male,57,3,2,2,2,1
467905145,Female,30,2,2,2,2,2
473507245,Male,58,2,2,1,2,3
414812742,Male,61,1,1,1,1,2
401791846,Male,32,1,1,1,1,2
413605348,Female,37,1,1,1,1,1
494108747,Female,55,1,1,1,1,1
424042949,Female,48,2,2,1,1,1
407121544,Male,34,4,3,4,4,2
487973442,Female,69,1,1,1,1,1
407924740,Female,59,2,1,2,1,2
411091340,Male,25,1,1,1,1,2
471614941,Male,64,2,2,2,2,3
421813047,Female,64,2,2,2,2,2
463187242,Male,51,2,3,3,3,3
423187741,Female,47,1,2,1,1,3
413328544,Female,45,1,1,1,1,1
473101743,Male,24,1,2,1,1,1
471860446,Female,26,1,2,3,2,1
491617242,Male,49,3,1,1,1,1
411413344,Male,31,4,1,1,1,2
443714442,Female,36,2,1,1,1,2
467499147,Female,64,1,1,1,1,1
483893243,Male,63,3,2,1,1,2
457622447,Female,44,1,1,2,2,2
487462543,Female,24,1,1,1,1,2
417650943,Male,25,1,2,1,1,2
427614240,Female,57,1,1,1,1,1
433231043,Female,69,1,1,1,1,1
471133546,Male,41,1,1,1,1,1
461386641,Male,22,2,2,3,3,2
413505247,Female,47,2,1,1,1,2
467207749,Female,34,1,3,4,3,3
453358141,Male,71,2,2,1,1,2
474604040,Female,57,3,2,1,1,1
433642345,Male,68,1,1,1,1,1
447525743,Male,61,3,2,1,1,1
471644142,Female,62,1,1,1,1,2
443187741,Male,56,3,2,1,1,2
487926845,Female,58,2,2,2,2,2
401874348,Female,55,1,1,1,1,1
463198744,Male,38,3,1,1,1,1
427332246,Male,29,3,4,4,3,2
454056148,Female,63,1,1,1,1,1
487838948,Male,63,4,4,4,4,4
427146647,Female,32,1,1,1,1,2
457841043,Male,59,1,3,1,1,1
461653444,Female,45,1,2,1,2,1
437206342,Female,52,4,3,1,2,4
463238848,Female,32,3,3,3,2,2
424704740,Male,49,1,2,1,1,1
411774449,Male,44,2,3,3,3,3
487435041,Male,49,3,1,1,1,1
467814240,Female,44,1,1,1,1,1
477489944,Female,40,2,3,3,3,3
481271445,Male,47,1,2,2,2,1
473589245,Female,50,2,1,1,1,2
413114048,Male,40,1,1,1,1,1
447501140,Female,34,1,1,1,1,1
431926842,Female,19,1,1,1,1,1
487605440,Male,59,3,2,2,2,3
413563744,Female,59,1,1,1,1,1
423677347,Male,61,1,1,1,1,1
457326042,Female,25,2,2,1,1,1
454514742,Male,56,3,3,2,2,2
461431443,Male,28,2,1,1,1,2
494614746,Male,56,2,2,1,1,3
411897041,Male,52,3,2,2,2,1
451901244,Male,37,4,1,1,1,1
421047148,Male,62,1,1,1,1,1
487386444,Male,29,1,1,1,1,1
471177841,Female,43,1,1,1,1,1
421094549,Male,37,3,3,3,3,2
491921344,Male,39,2,3,4,3,3
427011340,Female,27,1,2,2,3,2
447461349,Female,42,2,1,1,1,3
477054145,Male,58,1,4,2,2,3
467668943,Male,26,2,4,4,3,3
471700042,Female,56,2,1,2,2,2
411457843,Male,64,1,1,1,1,1
433389745,Male,57,4,4,3,3,2
403507341,Male,48,4,4,2,2,3
463474540,Male,65,3,2,1,1,2
483487944,Female,58,1,1,1,1,2
483120448,Female,53,1,1,1,1,4
461106445,Female,53,1,1,1,1,1
467727746,Female,23,2,3,2,3,2
401666742,Male,39,1,1,1,1,1
487916047,Female,31,3,4,3,4,1
461227144,Male,72,2,1,1,1,2
433654843,Male,39,2,1,1,1,2
494789343,Female,60,3,1,1,1,3
413887445,Female,37,2,2,1,1,3
483131640,Male,40,4,4,4,4,2
457564441,Male,49,1,1,1,1,1
454762544,Male,51,1,1,1,1,2
481804841,Female,19,1,1,1,1,1
474322540,Female,66,2,2,2,2,4
471770848,Female,52,1,1,1,1,1
461710748,Male,25,3,3,2,4,2
404743542,Male,51,2,2,3,3,1
494750549,Male,26,2,3,2,2,3
464864442,Male,29,2,1,1,1,1
493994540,Female,49,4,3,3,3,1
467445640,Female,75,1,2,1,1,1
443078249,Female,41,4,4,4,4,1
427450642,Male,21,1,1,1,1,3
487809749,Female,24,1,3,1,1,3
427532049,Female,30,1,2,1,1,1
424914046,Female,55,2,1,1,1,1
493487040,Female,54,1,1,1,1,1
431560548,Male,32,1,2,2,2,4
433670244,Female,53,1,1,1,1,4
483387946,Male,50,4,3,4,4,1
453907148,Female,51,2,1,1,1,1
481186344,Male,28,1,4,1,1,4
477358248,Male,55,2,2,2,2,3
451247347,Male,36,1,1,1,1,1
457009941,Female,55,1,2,1,1,1
407914944,Female,52,2,1,2,3,3
423893440,Male,29,1,1,1,1,1
433507248,Male,64,2,2,1,1,2
487914046,Male,62,1,1,1,1,1
491816445,Female,59,2,2,3,3,3
484424248,Female,40,1,1,1,1,1
461944844,Female,69,1,1,1,1,1
493387747,Female,42,1,1,1,1,1
451124248,Male,67,2,1,1,1,1
417602241,Male,50,2,3,2,3,3
441781146,Male,24,1,1,1,1,1
453113746,Female,26,1,1,1,1,1
451074548,Male,26,1,1,1,1,2
461181646,Male,26,2,2,2,2,3
413429647,Male,49,1,1,1,1,1
423534940,Female,49,2,1,1,1,2
401331741,Male,35,3,3,3,3,3
427939348,Male,32,1,2,3,3,2
434112440,Female,64,1,1,1,1,1
491137640,Male,21,2,3,3,3,3
467909440,Male,22,4,2,3,4,1
481200947,Female,27,1,1,1,1,1
463687243,Female,66,2,1,1,1,1
424694947,Female,69,1,2,2,2,2
417930441,Male,29,2,2,2,2,2
453791547,Female,66,2,2,2,2,2
413328347,Male,55,2,1,1,1,1
441141246,Male,38,1,1,1,1,1
457574847,Female,44,2,2,2,2,2
471080740,Female,52,3,3,2,1,3
403697246,Female,26,1,1,1,1,2
474524843,Male,38,1,1,1,1,2
473087745,Male,56,2,1,1,1,2
441334040,Female,49,1,1,1,1,2
483934147,Female,58,2,1,1,1,2
487777546,Female,46,4,2,2,2,1
414443141,Female,63,1,1,1,1,1
491027942,Female,24,1,3,1,1,1
453143943,Female,62,2,1,2,2,2
493255341,Female,25,1,1,1,1,1
401144041,Female,57,4,1,1,2,1
401411245,Male,26,2,2,1,1,2
447987044,Female,39,4,2,1,1,2
441934847,Female,54,1,1,1,1,1
413787041,Female,29,1,1,1,1,1
447259345,Male,45,3,3,3,3,2
464173647,Male,36,3,2,3,3,1
497445748,Female,35,3,1,2,1,1
461904548,Male,75,1,1,1,1,1
481307046,Male,56,1,1,1,1,1
447016044,Female,30,2,1,1,1,2
481286842,Male,22,3,2,3,2,2
401530440,Male,23,2,1,1,1,2
461074840,Female,21,1,2,2,1,2
483905543,Male,47,3,1,1,1,1
423568840,Female,22,1,1,1,1,1
483077745,Female,55,2,3,2,2,2
433703543,Female,60,2,2,1,1,2
427255548,Female,50,1,1,2,2,3
404354042,Female,61,2,3,1,1,1
444186045,Female,70,2,2,1,2,2
443560341,Female,70,3,1,1,1,1
487469041,Female,28,1,1,1,1,2
447199643,Male,37,4,4,4,4,4
413791944,Male,27,4,3,4,4,2
487804747,Female,24,1,1,1,1,1
417663540,Female,21,1,2,2,2,3
487580547,Male,31,2,1,1,1,3
467448945,Female,32,3,2,2,2,1
424244141,Female,42,2,1,1,2,3
477364540,Female,51,1,1,1,1,1
474484549,Male,35,1,1,1,1,1
427465242,Female,64,1,1,1,1,2
433518042,Male,55,2,1,1,1,1
437495145,Female,65,1,1,1,1,1
457596849,Female,40,4,2,3,2,1
427861742,Female,55,2,1,1,1,1
477028645,Male,40,1,1,1,1,2
414334340,Female,47,1,2,2,3,3
457597948,Male,27,3,2,2,2,3
461817940,Female,35,1,1,1,1,1
464044442,Male,55,1,1,1,1,2
461477043,Female,33,1,2,1,1,1
433889246,Female,40,1,3,2,2,4
427299144,Female,39,2,2,1,2,3
441863948,Female,54,2,1,1,1,2
493387347,Male,76,1,1,1,1,1
457871949,Female,25,2,2,2,2,2
417303143,Male,60,2,1,1,1,1
423687844,Male,68,1,1,1,1,2
447075941,Male,59,2,2,1,1,1
451461742,Male,58,2,4,4,4,4
493908044,Male,87,2,2,2,2,2
404767040,Male,46,1,1,1,1,2
457282844,Female,59,2,2,1,1,2
491664447,Female,67,2,1,1,1,1
454944046,Male,78,1,1,1,1,1
453886647,Male,54,1,1,1,1,1
434333646,Male,39,3,3,2,3,3
431504045,Female,50,1,2,1,1,1
477902443,Male,67,2,2,1,1,3
401473644,Female,59,2,2,2,2,2
461403049,Female,68,2,2,1,1,1
413294749,Male,52,4,3,3,3,1
471286447,Male,29,3,3,2,2,3
421530447,Male,38,1,2,1,1,3
447169247,Female,31,2,2,1,1,2
463931444,Female,41,2,2,2,2,1
421491545,Male,40,1,1,1,1,1
471597640,Male,24,3,3,4,3,2
497331448,Female,59,1,1,1,1,1
454334340,Female,62,3,1,1,1,1
473694642,Male,73,1,1,2,4,3
427979242,Female,37,3,2,3,3,2
423068342,Female,66,1,1,1,1,1
487372849,Female,54,1,2,2,2,2
407407447,Female,53,2,1,1,1,1
403634246,Female,61,2,2,2,2,2
457568441,Female,33,1,1,1,1,2
427812445,Male,45,1,1,1,1,3
437635541,Male,40,1,1,1,1,3
411136941,Male,24,1,1,1,1,2
451380945,Male,37,3,1,1,1,2
443703246,Female,30,1,1,1,1,1
407792040,Male,67,2,2,1,1,2
453018845,Male,39,3,2,2,1,1
461020745,Male,27,2,4,2,4,1
437427541,Male,32,1,1,1,1,1
434732644,Male,40,3,1,1,1,3
487102646,Male,22,3,3,3,2,2
421291645,Female,23,1,1,1,1,1
437284748,Female,39,2,3,2,4,3
484733344,Female,31,1,1,1,1,1
423598849,Female,55,1,1,2,2,3
493229748,Female,27,1,3,3,3,1
433887746,Male,66,2,1,1,1,2
451900842,Male,29,2,4,3,3,4
483975746,Female,64,1,1,1,1,1
474314049,Female,61,2,1,1,1,2
477706140,Male,29,2,2,1,1,2
427971744,Male,34,1,2,1,1,1
413774945,Male,69,3,1,1,1,1
447528147,Female,20,3,1,3,3,2
451734444,Female,26,2,2,2,2,2
477753442,Female,27,2,1,1,1,2
434309249,Male,64,2,2,2,2,3
447251040,Male,27,3,3,3,3,2
417746048,Female,22,2,3,2,2,2
421043243,Female,27,1,1,1,1,2
491753348,Male,32,2,1,1,1,1
493142444,Male,46,2,1,2,1,2
417364944,Male,53,1,1,1,1,1
453018843,Female,53,1,3,1,1,2
414569149,Male,46,2,1,1,1,2
451401144,Male,47,3,1,1,1,2
481080943,Male,27,1,1,1,3,4
487162141,Female,24,1,1,1,1,4
404132249,Male,38,4,3,4,4,3
481987444,Male,65,1,1,1,1,3
483888444,Female,28,1,1,1,1,1
483703440,Female,40,2,1,1,1,1
463343642,Female,60,1,4,1,2,4
441061141,Male,54,2,2,2,2,3
477449947,Female,40,2,3,3,3,2
481954445,Male,54,3,1,1,1,1
447178741,Male,29,1,1,1,1,2
473994940,Male,72,1,1,1,1,1
473364547,Female,47,2,3,3,3,1
454450442,Male,47,1,1,1,1,3
487033048,Male,33,2,1,1,1,1
454790146,Male,32,4,4,4,4,4
434969946,Female,35,1,2,1,1,2
441624942,Male,76,2,2,1,1,1
473925545,Female,24,1,1,1,1,1
431753448,Female,67,1,1,1,1,1
434614041,Male,33,1,1,1,1,2
403421141,Female,55,4,1,1,1,2
473257747,Female,62,1,1,1,1,2
487542741,Female,63,2,2,2,2,3
407807241,Male,65,2,1,2,1,2
481056249,Male,27,3,2,2,2,3
453106240,Male,63,2,1,1,1,1
453087146,Male,38,4,1,2,2,4
471793946,Male,62,2,1,1,1,1
494104648,Male,62,1,1,1,1,1
474283545,Male,34,2,3,3,3,3
403098847,Female,50,2,1,1,3,4
497127049,Female,22,1,1,1,1,1
457389346,Male,39,2,2,1,1,1
403328046,Female,58,1,2,1,2,2
434704441,Male,34,1,1,1,1,4
437778341,Male,49,4,1,2,3,3
437531342,Female,25,2,1,1,1,2
463038540,Male,67,4,2,1,2,2
413118441,Female,51,2,1,1,1,1
407928640,Female,41,2,3,3,3,3
411484347,Male,61,2,1,1,1,2
461110246,Male,26,3,2,3,3,3
497845446,Female,27,2,2,2,2,2
417576446,Female,54,3,3,1,2,4
447389141,Male,35,2,3,1,1,3
481953143,Male,28,1,1,1,1,1
407201744,Male,49,3,4,1,3,1
441944442,Male,25,1,1,1,1,3
481404549,Male,64,1,1,2,1,2
403311949,Female,60,1,1,1,1,1
404863146,Male,37,1,1,1,1,1
403460141,Male,68,2,2,1,1,4
447602948,Male,40,3,2,2,2,2
461380940,Male,22,2,3,3,3,2
407177342,Female,56,1,2,1,1,1
421987745,Male,67,2,1,1,1,2
453477445,Female,56,1,1,1,1,1
467909049,Female,26,1,3,4,4,3
477283349,Male,21,1,1,1,1,1
403401545,Female,58,1,1,1,1,1
477169145,Female,31,1,1,1,1,1
403663840,Female,27,1,1,1,1,1
427045547,Female,28,2,4,4,3,3
477167946,Female,71,2,2,1,1,1
407448142,Male,19,1,1,1,1,2
447545142,Female,29,1,1,1,1,1
497698047,Female,56,1,2,1,1,1
443227747,Male,23,1,1,1,1,1
463487244,Male,62,1,1,1,1,2
451557947,Female,52,2,2,1,1,2
491447140,Female,60,1,1,1,1,1
453568640,Female,37,1,1,2,1,1
473098146,Female,30,1,2,1,1,1
457310643,Female,50,1,1,1,1,1
473687445,Male,50,1,1,1,1,1
404212940,Male,46,1,1,1,1,2
443507847,Male,61,2,1,1,1,1
413894547,Male,60,1,1,1,1,2
451161940,Female,52,2,1,1,1,1
431820247,Female,52,1,1,1,1,1
453714441,Male,37,2,2,2,2,2
423132141,Female,24,1,2,1,1,1
447207742,Female,26,1,1,1,1,1
411676342,Female,54,2,1,1,1,1
477585041,Male,66,1,1,2,1,2
491197440,Female,23,1,1,1,1,2
483261947,Female,34,4,4,3,4,1
434943640,Male,36,1,1,1,1,1
404809142,Male,54,2,2,2,2,4
461763443,Female,51,2,2,2,2,2
474450543,Female,28,2,1,1,1,1
493218442,Female,59,2,2,2,1,3
403006444,Male,38,2,2,1,1,1
427114745,Male,44,2,2,1,1,1
443201942,Male,64,2,2,2,2,2
477746044,Male,19,1,1,1,1,2
463843146,Female,69,2,1,2,2,2
401293940,Female,72,1,1,1,1,1
404898844,Female,52,1,1,1,1,1
467364242,Female,29,1,1,1,1,1
453488643,Female,64,2,1,1,1,1
451200342,Male,26,1,2,1,1,3
474264741,Male,30,1,1,1,1,1
441620846,Female,25,1,1,1,1,2
487968743,Male,48,2,3,2,2,2
443001749,Female,70,3,1,2,1,1
471081547,Female,68,1,2,1,1,2
494333741,Male,38,2,1,2,1,1
481714942,Male,27,1,1,1,1,1
471517643,Female,19,1,1,1,1,1
417557341,Female,41,2,2,1,1,2
467709845,Female,46,2,1,1,1,1
443777840,Male,56,2,2,1,1,2
443041441,Female,47,4,3,3,3,1
427105045,Female,22,1,1,1,1,1
427420645,Male,27,2,2,2,1,1
491180144,Male,29,1,1,1,1,1
493893243,Male,67,1,1,1,1,1
427715448,Female,23,4,4,4,4,4
434208045,Female,78,2,1,2,1,1
423208843,Female,49,2,2,2,1,2
457909649,Female,24,2,2,1,1,2
413968742,Female,26,1,1,1,1,2
403777547,Female,51,3,1,4,2,1
497414645,Female,30,1,1,1,1,1
423429146,Female,32,2,1,1,1,2
424467646,Male,47,1,1,1,1,1
483787941,Female,51,1,1,1,1,1
493668742,Male,30,1,2,1,1,1
433387546,Female,54,1,1,1,1,1
413894941,Male,45,4,2,2,2,2
497228647,Male,25,2,3,4,2,2
454837247,Male,59,1,2,1,1,3
471157247,Male,22,4,4,4,4,1
437772941,Female,21,1,1,1,1,1
461107540,Male,53,3,1,1,1,3
413742340,Male,42,4,4,4,4,1
453907846,Female,41,2,1,1,1,2
401564140,Female,52,2,2,1,2,3
487635244,Female,50,3,2,3,2,3
494574447,Male,54,1,1,1,1,1
401944142,Male,60,2,2,1,2,4
487987946,Female,49,2,1,1,1,2
417045047,Female,50,2,2,2,2,2
453385447,Female,48,1,1,1,1,1
464163540,Female,29,2,2,2,2,2
433485341,Female,55,1,2,3,2,1
421084249,Female,58,1,1,1,1,4
444514049,Male,32,3,2,3,3,2
473507941,Male,68,1,2,1,1,1
441993241,Male,28,1,1,1,1,3
443971048,Male,65,1,1,1,1,1
453713042,Male,68,2,2,2,2,2
441414740,Male,60,2,1,1,1,1
431143849,Female,63,1,1,1,1,2
454313148,Male,68,2,3,2,2,2
407212348,Female,50,1,2,1,1,1
413355141,Female,26,1,1,1,1,1
417646541,Female,30,3,3,3,3,1
474243641,Female,36,1,1,1,1,2
457949845,Male,21,2,1,1,1,2
463459340,Male,36,2,2,3,4,1
457267649,Female,19,1,2,1,1,1
457206245,Female,19,2,1,1,2,1
454914749,Male,29,2,2,2,1,2
483524341,Male,59,1,1,1,1,1
437672648,Male,68,1,1,1,1,1
467364444,Female,49,1,1,1,1,1
443454641,Male,38,1,1,1,1,1
451566143,Male,20,3,2,3,4,2
423281848,Female,26,1,1,1,1,2
444608546,Female,71,1,2,1,1,1
444114845,Male,41,3,2,2,2,1
437220540,Female,24,1,1,1,1,2
434714142,Male,49,1,2,1,1,1
477821740,Male,58,2,2,3,2,2
464563249,Male,42,4,1,1,1,1
473242543,Male,24,1,2,2,2,3
477055342,Female,48,1,1,1,1,1
441286042,Male,29,1,2,1,1,2
483574847,Female,33,2,1,1,1,1
423917243,Female,43,4,4,2,3,3
423163747,Female,66,3,3,3,3,2
437603046,Female,32,4,2,3,3,1
457310249,Female,26,1,1,1,1,1
431097848,Female,23,3,2,3,3,2
437183844,Male,56,2,1,1,1,3
497919144,Female,21,1,1,1,1,1
417182644,Male,54,1,1,1,1,1
424109949,Male,61,2,1,1,1,1
411896148,Female,32,2,3,3,3,2
437678641,Female,32,1,1,1,1,2
473743945,Female,64,2,2,2,1,4
413569443,Male,57,2,1,1,1,2
447449143,Male,19,1,1,1,1,2
434044841,Male,50,1,2,1,1,3
407345743,Male,28,1,1,1,1,1
403388345,Male,57,2,1,1,1,1
477638444,Female,45,1,3,4,4,2
461440143,Female,65,2,1,1,1,1
467069340,Male,23,1,1,1,1,3
443294247,Male,58,4,4,3,3,4
494520249,Male,39,1,1,1,1,2
403394841,Male,79,3,1,3,2,3
491020249,Male,23,1,1,1,1,2
483494045,Female,31,1,1,1,1,1
463508342,Female,62,2,2,2,2,2
453294344,Male,56,2,2,1,2,3
453460544,Male,32,4,3,1,1,2
471191748,Female,25,1,1,1,1,1
483454545,Male,55,2,2,2,2,3
441136441,Female,31,2,1,2,1,2
443924741,Male,55,3,4,2,2,4
407059740,Female,26,1,1,1,1,1
441684249,Male,23,4,2,1,1,2
443491541,Male,40,3,3,4,4,3
471206547,Female,60,1,1,1,1,2
447246644,Female,55,2,1,1,1,1
407653745,Male,20,1,1,1,1,1
493463643,Female,47,2,2,1,2,3
484118649,Female,62,1,1,1,1,1
493487343,Male,89,2,3,1,1,3
483608747,Female,53,1,2,1,1,1
473801440,Male,53,1,1,1,1,1
473200347,Male,58,2,3,2,2,3
403528946,Male,32,1,2,2,2,4
413900148,Female,60,1,1,1,1,2
477932743,Male,43,1,2,1,1,2
427870041,Female,20,2,1,1,1,1
474809343,Male,61,2,1,1,1,1
404950844,Female,49,2,1,1,1,1
463432641,Male,37,1,2,1,1,1
467437145,Male,72,1,1,1,1,1
433332445,Male,70,2,1,3,2,3
484654644,Male,53,2,2,1,1,2
457774948,Female,60,2,2,3,2,2
484414849,Male,38,2,2,2,2,1
414414041,Male,43,3,3,3,2,3
477772142,Female,36,1,2,2,2,3
457579844,Female,31,1,2,1,1,2
441720944,Male,36,1,1,1,1,1
433594540,Male,62,3,1,1,1,1
403294649,Male,50,1,2,1,1,2
481411143,Female,64,2,2,1,1,2
454389548,Male,46,2,1,1,1,2
474608549,Male,36,1,2,1,1,1
424709643,Male,37,1,1,1,1,1
403887743,Female,45,1,1,1,1,2
463654241,Female,63,2,4,4,4,4
443487440,Female,53,2,3,2,2,3
403763144,Male,68,2,2,2,2,2
403907341,Male,43,2,1,2,1,1
411351046,Male,55,1,1,2,1,1
413832642,Female,29,1,1,1,1,2
464569941,Male,49,2,1,1,1,2
463507343,Female,35,2,2,1,1,2
423887747,Male,60,2,2,2,1,2
497011844,Male,53,2,2,3,2,2
457409146,Male,52,1,2,2,1,2
493507048,Female,60,1,1,1,1,1
424009347,Female,64,1,1,1,1,2
464790146,Male,41,1,1,1,1,1
437228340,Female,42,2,1,1,1,1
493377544,Male,45,1,1,1,1,1
453894044,Male,51,2,3,2,1,2
497435545,Female,58,1,3,1,3,4
461714248,Female,58,2,1,1,1,1
477172941,Female,45,1,3,4,4,4
457278047,Female,68,3,1,1,1,2
497814143,Male,59,2,1,1,1,1
483817449,Male,52,1,1,1,1,2
497609944,Male,67,3,1,1,1,1
403428141,Male,53,2,3,3,3,3
441594843,Female,70,2,3,2,2,2
453517844,Male,49,2,2,1,1,3
497178549,Male,26,3,3,3,3,2
493177143,Male,59,2,3,3,3,3
441571948,Female,45,4,2,2,3,1
427197746,Male,48,1,1,1,1,4
443581449,Female,46,1,1,2,2,3
474394546,Male,59,2,1,1,1,1
461880847,Male,19,2,2,1,1,2
437131847,Male,36,3,1,1,1,1
444609543,Female,79,3,2,2,2,1
481371345,Male,25,1,2,2,1,3
404734845,Female,36,1,1,1,1,2
441451540,Male,45,2,1,1,1,2
423458749,Female,63,4,4,4,3,4
427761945,Male,53,1,4,2,4,4
483934047,Male,69,2,2,1,1,1
483629748,Female,46,1,1,1,1,1
417619241,Male,28,2,1,1,1,2
461017045,Male,56,1,1,1,1,2
497680642,Male,34,3,3,2,2,2
444369642,Male,56,1,1,1,1,2
444514040,Male,44,1,2,3,2,3
481586648,Male,35,3,3,2,2,3
473518240,Male,40,2,2,1,1,1
483827346,Female,30,1,2,2,2,2
413454646,Female,73,3,1,1,1,1
421223640,Male,52,2,2,1,1,1
497781640,Male,56,2,2,2,2,2
423667644,Female,24,2,2,3,2,2
477165449,Female,46,1,4,4,3,2
474112847,Male,53,2,2,1,1,2
461381949,Female,27,4,3,1,3,4
483087548,Male,52,2,3,3,3,3
437720847,Male,28,1,3,1,1,2
417251241,Male,52,2,2,2,2,2
413273547,Female,69,2,1,2,1,2
487615245,Female,43,1,4,4,4,4
411774845,Male,53,2,2,2,3,2
481744745,Female,20,4,3,3,1,1
471043343,Female,26,2,1,1,1,2
464584041,Male,58,2,2,2,1,2
463038947,Female,61,2,3,3,2,2
457386440,Male,22,4,3,1,2,2
461644248,Male,65,2,2,1,1,1
427945746,Female,29,1,2,1,1,2
493787244,Female,44,2,1,4,3,2
497375149,Male,55,1,1,1,1,1
427115149,Female,25,1,1,1,1,1
484809547,Female,35,1,3,3,3,3
413673345,Female,66,3,1,1,1,1
447482744,Male,23,3,2,3,3,3
467614844,Female,55,2,1,1,1,1
473989944,Female,36,1,2,1,1,2
437851649,Male,50,3,2,2,2,3
431017349,Male,54,2,2,1,1,3
411673549,Male,23,1,1,1,1,1
451074244,Male,46,2,2,2,2,1
481607341,Female,32,2,2,3,3,2
497559640,Female,59,2,4,4,4,4
443187841,Male,52,1,1,1,1,1
443494248,Male,64,2,3,4,3,4
451457149,Female,47,2,1,1,1,1
404514747,Female,41,1,2,1,1,2
443128249,Male,47,1,1,1,1,1
457382745,Male,40,2,2,1,1,1
497139449,Female,62,2,2,1,1,4
487175041,Male,43,1,2,1,1,3
487095241,Male,50,1,2,2,2,3
433610241,Female,67,4,3,3,3,2
443668749,Female,43,3,3,3,3,3
447941449,Female,49,1,2,2,2,2
433631444,Female,50,2,1,2,1,3
427251242,Female,59,2,1,1,1,1
413787846,Male,51,1,1,1,1,2
441514140,Male,69,3,3,2,2,1
457716546,Female,34,3,2,3,2,3
434078045,Female,50,1,1,1,1,1
497267545,Male,32,1,1,1,1,1
413073546,Female,42,3,3,3,1,1
487848545,Male,23,3,1,3,4,3
461070441,Male,27,1,1,1,1,1
407853240,Male,26,2,1,1,1,2
453894746,Male,61,1,1,1,1,1
467116645,Female,19,1,1,1,1,3
401157340,Female,19,1,1,1,1,1
403266241,Female,55,2,1,2,1,3
494232143,Male,34,3,1,1,1,1
444264948,Female,66,1,1,2,1,3
487068744,Male,33,3,3,2,2,2
423870642,Female,63,1,2,1,1,1
444272842,Male,44,1,1,1,1,1
457348449,Male,56,1,2,2,3,3
461680541,Male,19,2,1,1,1,2
457338142,Female,58,1,1,1,1,1
493401140,Male,57,1,1,1,1,1
484489047,Male,46,2,1,1,1,2
481561445,Male,23,2,3,2,2,2
473491647,Female,39,2,1,1,1,1
413787549,Male,52,1,1,1,1,1
423333246,Female,76,2,1,1,1,2
447915845,Female,48,2,2,1,1,2
497003148,Male,49,1,1,2,1,1
417565745,Male,27,3,4,3,4,2
423178649,Female,28,2,2,1,1,3
414574843,Male,48,2,1,1,1,2
403988540,Female,61,2,3,1,1,1
443818442,Female,74,2,2,1,1,1
463595844,Male,61,2,2,1,1,2
433487145,Male,56,2,1,1,1,1
403538848,Male,58,2,2,2,2,2
454518041,Female,44,4,3,4,4,1
423178640,Female,66,1,1,1,1,1
403668348,Male,52,3,2,1,1,3
494104843,Female,67,1,1,1,1,1
407222542,Female,34,1,1,1,1,1
427639443,Male,58,1,1,1,1,3
437522741,Female,24,1,1,1,1,1
433100849,Male,31,3,2,2,2,2
497864442,Female,68,2,1,1,3,2
457031842,Male,36,2,3,2,2,3
401291848,Female,22,2,2,1,1,1
447115944,Male,70,3,2,1,1,2
401596540,Female,68,3,1,2,2,2
421133347,Male,26,1,1,1,1,2
427144245,Male,62,2,1,2,2,2
487264040,Male,45,2,1,2,2,2
493927040,Male,46,1,2,1,1,2
403387149,Female,32,1,1,1,1,1
474063241,Male,52,3,2,3,3,3
407676044,Male,49,2,1,1,2,2
443038540,Male,51,2,2,1,2,1
413132648,Male,56,3,2,2,2,1
411617643,Male,33,1,1,1,1,3
443210748,Female,50,3,1,1,1,1
493798042,Male,36,2,1,1,1,1
487478243,Male,26,2,1,1,1,1
487265646,Male,32,1,3,2,2,2
404572640,Male,51,4,4,4,4,4
474754142,Male,37,1,1,1,1,1
483737941,Male,41,3,3,2,2,3
404198543,Male,58,4,3,4,4,4
463143045,Female,61,2,1,2,2,2
487884045,Female,76,1,1,1,1,1
467676747,Male,69,2,1,1,1,2
494714641,Male,41,1,1,1,1,2
437585545,Male,37,1,1,1,1,1
454018848,Female,48,1,2,1,1,1
433054748,Female,66,1,1,1,1,1
467301541,Male,44,2,1,1,1,2
413790847,Male,53,1,1,1,1,1
463772143,Male,66,1,1,1,1,1
497136741,Female,75,3,2,3,4,1
407505943,Female,65,1,1,1,1,1
424814345,Male,52,1,1,1,1,3
421467246,Male,20,2,1,1,1,2
407114940,Male,51,3,3,2,1,1
474814348,Male,75,2,1,1,1,2
433497149,Female,62,2,1,1,1,4
463907444,Male,45,1,1,1,1,1
471474748,Male,65,1,1,1,1,1
441643442,Female,48,1,1,1,1,1
407832240,Female,20,1,1,1,1,1
411914444,Male,57,2,1,1,1,1
494909845,Male,77,2,2,2,2,2
413387942,Male,47,1,1,1,1,1
401057840,Female,22,1,2,1,1,4
423642245,Male,59,1,1,1,1,1
443294541,Male,57,2,2,1,2,2
494112344,Female,54,2,2,2,2,3
473201144,Male,57,2,1,1,1,2
461533942,Male,45,3,3,3,3,2
497366447,Male,46,3,1,1,1,1
487289744,Female,19,2,2,2,2,3
407102044,Male,52,2,1,1,1,1
473789449,Male,58,2,2,2,2,2
481801943,Female,50,1,1,1,1,1
463405842,Female,58,2,2,1,1,1
431243945,Female,23,2,2,2,1,2
484686346,Male,47,1,2,2,2,3
467757845,Female,61,2,2,2,1,2
401017446,Female,47,2,4,4,3,4
487757340,Female,56,2,3,1,1,2
421331542,Male,28,2,3,2,2,4
407435849,Male,67,1,1,1,1,1
424258144,Male,48,1,1,1,1,4
427224846,Male,55,3,2,1,1,2
417840243,Female,19,1,1,1,1,1
477078443,Female,53,3,3,1,1,4
407214749,Female,25,2,2,2,2,3
433201847,Female,56,1,2,1,1,2
427903848,Male,27,2,2,2,2,2
493194845,Female,45,2,3,2,2,3
421064644,Male,72,3,3,3,4,3
443032246,Female,28,2,2,1,1,2
447479440,Male,28,3,4,4,4,2
417498847,Female,20,1,1,1,1,1
457825845,Male,59,2,3,3,2,2
423600244,Female,26,2,3,1,1,2
497638441,Male,50,2,1,1,1,1
484542043,Male,58,2,2,2,2,2
491774848,Male,53,3,3,3,1,3
401821242,Male,40,3,2,3,3,2
413025347,Female,42,3,3,2,3,2
457272644,Female,32,3,1,2,2,2
453648542,Male,67,2,2,2,2,3
453729244,Male,86,1,1,1,1,3
437058849,Female,65,1,1,1,1,1
431524540,Female,37,2,1,1,1,1
483432248,Male,55,3,3,3,3,2
403894948,Male,57,2,1,1,1,4
417539243,Male,57,3,3,3,3,2
464684646,Male,51,3,4,3,2,3
417680941,Female,45,3,1,1,1,2
491214146,Male,65,1,1,1,1,1
477849643,Male,44,3,3,3,3,1
461597742,Female,50,1,1,1,1,1
484173849,Male,48,1,1,1,1,1
443508348,Male,47,2,3,3,2,2
413087946,Female,30,3,1,3,1,1
447916349,Female,57,1,1,1,1,1
447039645,Male,48,1,4,2,2,3
467410845,Male,68,3,3,2,3,1
451341047,Female,22,2,1,1,1,3
487150648,Female,21,3,3,3,3,1
433187144,Male,53,4,4,4,4,4
413994543,Male,75,1,1,1,1,1
437218046,Male,27,2,2,1,1,2
403528948,Male,49,1,1,1,1,1
464489344,Male,42,1,1,1,1,1
444514044,Female,64,1,1,1,1,1
467245245,Male,32,4,1,1,1,2
463642043,Male,67,4,4,4,4,4
493907440,Male,57,1,1,1,1,1
483657245,Male,29,1,1,1,1,1
461391543,Female,27,4,3,2,2,2
437970347,Female,71,1,2,1,1,2
487221544,Female,32,2,2,3,3,3
454974247,Male,48,1,1,1,1,1
497918448,Female,67,2,2,2,2,1
457752142,Female,45,1,1,1,1,2
474444645,Male,47,1,4,4,4,4
491456646,Male,25,3,1,2,1,3
483907743,Male,52,1,1,1,1,1
437552640,Female,33,4,1,1,1,1
481900043,Male,25,3,3,3,4,2
431351447,Female,22,2,1,1,1,4
493828741,Female,49,1,2,1,1,2
471417944,Male,74,2,1,1,1,2
414367344,Male,27,1,1,1,1,1
444814642,Male,29,1,1,1,1,1
443787248,Male,59,1,1,1,1,3
437741840,Male,46,2,1,1,1,1
497295847,Male,69,3,1,1,1,2
483472343,Female,50,3,3,2,3,3
473320346,Female,27,1,2,1,1,2
477335146,Male,66,2,2,2,2,1
454789945,Male,59,1,1,1,1,1
404717042,Female,72,1,1,1,1,1
433168941,Female,55,1,1,1,1,2
453907345,Male,38,3,3,3,3,3
411216640,Male,25,2,3,3,3,3
447414445,Female,45,3,2,2,3,3
473894140,Male,47,1,2,2,2,3
483294743,Male,54,1,3,4,4,3
477865441,Female,23,1,2,1,1,3
464716840,Male,61,4,3,3,3,3
427116447,Female,48,2,2,3,1,3
431821740,Male,24,1,4,4,2,4
403571944,Male,50,4,1,1,1,1
403580146,Male,51,4,1,1,1,3
451220146,Female,42,2,2,2,1,1
421214649,Male,69,2,1,1,1,1
437516141,Female,61,2,1,1,1,1
431236745,Female,35,2,2,1,1,2
403278949,Female,34,4,4,4,4,2
421014849,Male,28,4,2,3,3,2
491497641,Female,55,2,1,1,1,1
413801243,Male,48,1,1,1,1,1
457375745,Male,49,1,1,1,1,1
407843348,Female,71,2,1,1,1,1
457792448,Male,76,1,1,1,1,1
467564049,Male,45,2,2,3,3,3
404864446,Male,58,1,1,1,1,2
447431649,Female,47,1,4,2,2,3
417766640,Female,56,2,1,2,2,3
424334740,Female,50,3,2,2,2,3
413594244,Male,60,2,3,3,3,3
403257340,Female,38,2,4,4,4,4
491406947,Male,19,2,3,1,2,2
494569344,Female,35,4,2,2,2,1
491647243,Female,23,2,1,2,2,2
437471248,Female,27,1,1,1,1,2
457498444,Female,55,1,2,3,2,3
473787443,Female,62,2,4,3,3,3
497075946,Female,52,3,2,1,2,2
427954443,Male,57,2,1,1,1,1
424770849,Male,52,2,1,1,1,1
493087741,Male,65,3,2,3,2,3
427879947,Male,63,1,1,1,1,1
427183547,Male,52,2,2,1,1,2
481480242,Female,33,1,1,1,1,1
483889341,Male,33,3,1,1,1,2
414864140,Male,33,3,2,2,2,3
417877246,Female,33,1,2,1,1,1
467775342,Male,50,2,1,1,1,2
441767344,Female,29,4,4,4,4,3
461056944,Male,27,2,1,2,1,1
493513446,Male,57,1,2,1,1,1
417784447,Female,31,3,2,2,2,3
417952842,Male,27,2,4,4,3,4
454362743,Male,32,1,1,1,1,1
491670646,Female,37,3,2,1,2,2
421180046,Female,45,1,1,1,1,2
487938941,Male,19,1,1,1,1,1
437834644,Male,68,1,1,1,1,1
453633243,Male,51,1,1,1,1,1
417518542,Female,29,2,3,3,2,2
487250143,Female,39,1,2,2,1,2
453161744,Male,50,3,3,1,1,2
463963348,Female,63,1,2,1,1,1
473829442,Female,68,2,1,1,1,2
413374045,Male,61,1,1,1,1,1
423318143,Female,33,1,1,1,1,1
487189345,Female,32,1,1,2,3,4
401777943,Male,20,3,3,2,3,2
427689248,Female,28,1,1,1,1,1
483201340,Male,59,2,1,1,1,2
474524542,Male,42,1,1,1,1,1
411504546,Female,61,2,2,3,2,3
483507249,Male,56,4,2,3,3,2
404314441,Female,35,2,3,3,3,2
443189444,Male,27,1,1,1,1,2
477511949,Female,32,1,1,1,1,1
427999745,Female,26,1,2,1,1,2
491774249,Female,62,1,1,1,1,1
413507146,Male,46,3,3,3,2,3
491504642,Male,50,2,1,1,1,1
461184544,Female,75,2,1,1,1,1
423504445,Male,28,3,2,1,1,3
441091944,Female,65,1,2,1,1,2
457663649,Male,49,1,1,1,1,2
427635044,Male,32,2,2,1,1,1
437220641,Male,32,1,1,1,1,1
407232841,Female,35,1,1,1,1,1
423989948,Male,58,1,1,1,1,1
411730748,Female,47,1,1,1,1,1
491014248,Male,64,2,1,1,1,2
421374449,Male,61,1,1,1,1,3
497229446,Female,19,2,1,2,1,1
404864048,Male,34,1,1,1,1,1
473524446,Female,46,1,3,3,3,4
417572241,Female,24,2,1,1,1,2
437139242,Female,19,2,2,2,2,3
477918649,Male,64,2,2,1,1,1
487506148,Female,47,1,1,1,1,1
414832646,Female,45,2,3,4,3,3
487628141,Male,46,1,2,1,1,3
481820049,Female,20,1,2,2,2,2
437181545,Female,41,3,3,3,3,2
474614848,Male,47,2,2,1,1,2
491627346,Female,34,2,1,1,2,1
453487740,Male,56,2,1,1,1,1
491763848,Female,53,2,2,2,2,3
463374646,Female,47,1,1,1,1,2
453318841,Female,58,1,1,1,1,2
411626943,Male,27,2,3,2,3,2
497237545,Female,20,1,1,1,1,2
471906548,Female,32,3,2,3,3,2
413594544,Female,61,1,2,1,1,2
407832141,Female,50,3,1,1,1,1
477659348,Female,45,1,1,1,1,1
457830245,Female,38,1,1,1,1,2
463387946,Male,46,1,1,1,1,2
447179247,Male,20,3,4,3,3,2
451074443,Female,62,1,1,1,1,1
421074649,Male,48,1,1,2,1,4
473270246,Male,51,2,2,2,2,2
487718747,Male,52,3,3,2,3,3
461323741,Male,22,1,1,1,1,1
417160742,Female,48,1,4,4,4,4
463787240,Female,56,4,3,4,3,1
424404944,Male,68,1,1,1,1,1
483257443,Female,35,2,2,2,1,2
433387542,Female,56,2,2,2,2,2
421980748,Male,25,2,1,3,2,3
443008949,Female,71,2,2,3,2,2
411741846,Male,55,1,1,1,1,1
411080848,Female,25,1,2,1,1,2
491271145,Male,22,2,2,2,2,3
467713744,Female,38,2,3,4,4,4
411567842,Female,60,1,1,1,1,1
451281640,Male,20,1,1,1,1,1
453095545,Female,30,3,1,3,3,2
463228048,Male,53,1,1,1,1,4
411181943,Male,55,2,2,1,1,3
483380549,Female,56,4,2,3,4,1
444718649,Male,45,2,2,2,2,2
414762445,Male,33,1,1,1,1,1
483633442,Female,37,2,2,2,2,3
407075247,Male,58,3,3,3,3,4
447745744,Female,54,1,1,1,1,1
434850846,Male,59,1,1,1,1,1
433087842,Male,42,2,2,3,2,2
401727545,Male,53,1,1,1,1,2
427885643,Female,31,4,3,3,2,1
471197342,Female,33,1,1,1,1,2
461901648,Female,48,2,3,1,2,2
423391744,Male,36,2,3,3,4,4
453774649,Female,47,1,1,1,1,2
453658249,Female,32,2,2,2,2,3
471051144,Female,42,3,2,2,1,2
401164645,Male,57,2,2,3,2,2
493758147,Female,62,2,3,2,2,3
443620241,Male,27,1,2,2,2,3
464574848,Female,45,1,1,1,1,2
401120845,Male,20,1,1,1,1,1
403294344,Female,56,2,1,1,1,1
453960940,Female,61,1,1,1,1,1
464777246,Female,38,2,2,2,3,2
447782549,Male,41,4,1,1,1,4
414988846,Male,66,1,1,1,1,1
424909142,Female,68,2,2,3,3,2
467131044,Female,41,3,3,1,1,1
437031340,Female,50,2,3,2,2,3
487323643,Male,28,1,1,1,1,1
457756543,Male,52,1,1,1,1,1
497885041,Male,55,1,1,1,1,1
493529044,Female,48,1,3,4,1,1
487307246,Male,31,1,1,1,1,2
437003448,Female,23,4,1,3,3,2
451836243,Female,20,1,1,1,1,2
427127441,Female,24,2,1,1,1,1
491020047,Male,29,3,3,4,4,3
473507547,Male,67,2,2,1,1,1
404734743,Female,39,1,1,1,1,2
491920145,Male,28,1,1,1,1,2
487176241,Male,31,2,3,2,2,3
433194544,Female,56,1,2,1,1,2
441917646,Female,64,1,2,1,1,1
443399742,Male,29,4,2,2,3,2
433594743,Female,65,1,2,2,2,2
487022645,Female,40,2,2,1,1,2
443120648,Male,47,2,1,2,2,2
457593946,Male,30,1,2,1,2,1
441111345,Female,25,1,1,1,1,1
497518743,Male,55,1,1,1,1,3
421501049,Female,55,1,1,1,1,1
434754347,Male,64,2,1,1,1,1
431163248,Female,24,3,1,1,1,4
477336448,Female,37,2,1,1,1,2
417099645,Female,47,2,1,1,1,1
463801448,Female,55,2,3,2,1,2
453648347,Female,38,2,2,1,1,2
477973843,Male,67,2,1,1,1,1
417446544,Female,34,1,1,1,1,2
433087144,Male,35,2,2,2,2,2
453800943,Male,37,2,3,3,3,3
454604646,Male,43,1,1,1,1,1
491840843,Female,65,2,1,1,1,3
434662641,Male,44,1,1,1,1,2
451880848,Male,23,1,1,1,1,1
427381247,Male,24,1,2,2,2,3
477602247,Male,30,1,2,3,2,1
401614946,Male,46,2,2,2,2,3
471021245,Male,35,1,1,1,1,2
411437745,Male,29,1,1,1,1,2
471063548,Female,37,1,1,1,1,1
484186644,Male,47,2,1,1,1,1
447828246,Female,52,3,2,2,2,3
414150645,Male,64,3,3,3,3,2
493894444,Female,72,3,2,1,1,2
487396340,Male,56,1,1,1,1,1
417278744,Male,33,2,1,1,1,1
454862448,Male,56,3,1,1,1,1
463774647,Male,57,1,3,3,3,3
443507941,Male,55,1,1,1,1,1
444678242,Male,49,1,1,1,1,1
403729345,Male,33,1,1,1,1,1
497868741,Female,24,1,2,1,1,2
433118743,Female,74,2,2,1,1,2
434842346,Male,45,3,3,3,3,2
463758445,Male,46,4,2,3,2,4
433218541,Male,49,1,4,1,1,2
447511548,Female,39,1,3,3,3,2
414964240,Female,36,3,2,1,1,1
483498448,Male,47,3,2,1,1,2
407326844,Female,34,3,3,3,3,2
437311142,Male,23,3,3,3,2,1
421200848,Male,23,1,1,1,1,2
401287640,Female,49,2,1,1,1,2
477423946,Male,50,1,3,3,3,3
471893241,Male,62,2,1,2,2,1
411980245,Male,24,1,1,1,1,1
473567440,Female,50,1,1,1,1,1
403187944,Female,44,2,4,3,3,2
463831246,Female,50,1,1,1,1,1
427582040,Male,42,3,2,1,1,1
481080548,Male,26,1,3,1,1,1
403801848,Male,54,2,1,1,1,2
447381349,Female,65,1,1,1,1,1
414016741,Male,29,3,3,2,2,2
483157442,Female,39,1,3,1,1,1
424863147,Male,46,2,1,1,1,1
487475947,Female,41,1,1,1,1,1
491500744,Male,23,1,2,2,2,1
421423442,Male,45,1,1,1,1,2
433594640,Female,63,2,2,1,1,1
443895548,Male,57,2,2,2,2,2
497568149,Female,34,1,2,2,2,2
437103941,Male,38,1,1,1,1,1
484809144,Male,66,2,1,1,1,2
491981441,Male,37,4,2,1,1,2
473517141,Female,31,1,2,1,1,2
441246548,Male,26,1,3,2,2,2
433642240,Male,56,4,4,4,4,4
481934046,Male,43,4,2,2,2,2
493270244,Female,29,1,1,1,1,1
407364049,Female,37,2,2,2,2,3
487552140,Female,50,2,2,1,1,2
467118143,Female,43,1,2,2,2,2
477785745,Female,36,2,2,3,2,2
443187940,Male,43,2,2,2,2,2
417884744,Male,64,2,1,1,1,1
467742444,Female,45,2,1,1,2,2
417809948,Male,61,2,1,1,1,2
447565643,Female,29,2,3,1,1,1
493558344,Male,48,2,2,4,2,1
483643440,Male,77,1,1,1,1,1
454809448,Male,58,1,2,2,2,3
453794947,Male,41,2,2,1,1,2
404464241,Male,44,2,2,1,2,2
457522845,Male,62,2,1,1,1,1
431474440,Male,56,2,1,1,1,1
433087943,Male,41,4,3,3,3,4
437041445,Male,44,2,1,1,1,1
427668841,Male,27,4,4,3,2,2
477482848,Female,50,3,3,4,3,1
461664148,Male,74,2,1,1,1,1
467560243,Female,61,2,1,1,1,1
443550743,Male,53,2,1,1,1,1
493187449,Male,63,2,2,1,1,1
497610541,Male,23,2,1,2,2,2
463801341,Male,58,1,1,1,1,2
487062140,Female,28,3,3,3,3,2
443181246,Female,48,2,2,1,1,1
457701446,Male,51,4,2,4,3,3
487027642,Female,39,2,3,2,2,4
483487742,Male,56,1,1,1,1,1
447554146,Female,65,2,2,2,2,3
423018940,Male,59,2,3,3,3,3
463394847,Male,55,1,1,1,1,1
404669242,Male,46,4,4,3,4,3
417027643,Female,51,1,1,1,1,1
483963341,Male,56,1,1,1,1,1
441080247,Female,30,1,1,1,1,1
471091047,Male,56,1,4,1,1,4
417692842,Female,57,1,1,1,1,1
463894241,Male,53,1,1,2,2,2
427214540,Female,56,2,2,1,1,2
434932942,Female,36,1,2,2,2,2
403474441,Male,69,1,1,1,1,2
474974545,Male,39,2,1,1,1,1
494188747,Female,65,1,1,1,1,1
497959949,Female,61,3,4,3,3,3
441281447,Female,68,2,1,1,1,2
477909443,Female,39,2,2,1,2,3
401400645,Female,39,2,1,1,1,2
401020449,Female,63,1,3,1,1,4
427427243,Female,35,3,3,4,3,2
403801643,Female,64,4,3,4,3,4
427200849,Male,43,2,2,3,3,2
423643940,Male,59,2,1,1,1,2
463270441,Male,26,2,1,1,1,1
417339345,Female,34,3,3,4,4,2
444409344,Female,31,2,2,2,3,3
444564841,Female,34,1,2,1,1,4
417021540,Male,55,1,1,1,1,1
453487044,Female,53,1,1,1,1,1
484714742,Male,37,1,1,1,1,3
497792442,Male,26,1,3,3,3,2
427565945,Female,69,2,2,3,3,3
481656747,Female,34,4,4,4,4,2
487618445,Female,26,2,3,3,3,3
427588343,Male,50,2,1,1,1,1
497814646,Male,64,2,2,1,2,2
407616149,Male,24,3,2,2,2,2
464062244,Male,70,1,1,1,1,1
437932042,Male,37,3,3,1,1,1
451554445,Female,24,2,3,3,2,2
431094644,Male,20,2,1,1,1,1
483068143,Male,54,2,2,4,2,1
411080940,Male,29,2,1,1,1,2
487111244,Male,36,2,3,2,2,3
403359849,Female,52,1,1,1,1,1
493894445,Male,71,4,3,3,2,2
487743340,Female,65,1,1,1,1,4
417035042,Female,39,2,2,1,2,2
443698442,Male,50,1,1,1,1,2
444932445,Male,26,1,1,1,1,1
441764244,Female,45,1,1,1,1,2
497925243,Female,39,3,3,3,1,3
434150845,Female,62,1,1,1,1,1
464688646,Female,52,1,1,1,1,3
413325049,Male,53,2,1,1,1,2
404314548,Male,41,1,1,1,1,1
463963847,Male,56,1,1,1,1,1
437149442,Female,67,2,1,4,2,1
473087340,Female,35,1,2,1,1,3
487014045,Male,56,1,3,4,3,2
467115241,Male,71,1,1,1,1,1
477518540,Female,59,3,3,3,2,2
401474040,Male,51,3,1,1,1,1
453374449,Female,65,1,1,1,1,1
411617240,Female,20,1,1,1,1,1
457127044,Male,34,3,4,4,4,4
423598548,Male,56,3,3,3,3,1
443398249,Male,61,2,2,2,1,1
427730449,Male,47,4,3,3,3,4
443888542,Male,54,1,1,1,1,1
447614442,Female,54,1,1,1,1,1
487048641,Female,50,1,1,1,1,2
423507949,Male,71,2,3,4,4,3
443561444,Male,53,2,3,1,1,4
494278842,Female,68,1,2,2,2,1
497580541,Male,28,3,1,3,3,1
453054740,Male,56,1,3,1,1,4
441734241,Male,42,2,2,2,1,2
477878444,Female,50,4,2,3,2,1
447614245,Female,64,2,2,1,2,1
453433049,Male,68,2,2,2,2,3
441363148,Female,34,1,1,1,1,1
464858245,Female,31,4,4,3,3,4
497988948,Female,60,2,1,1,1,1
463829843,Female,64,2,1,1,1,1
487803849,Male,45,3,1,1,1,2
497593145,Male,77,2,1,1,1,1
461217446,Female,24,2,2,2,1,3
451683940,Female,59,1,1,1,1,1
407175741,Male,55,2,1,1,2,3
427699544,Female,30,1,1,1,1,1
401680243,Male,39,2,1,1,1,1
477412648,Male,55,2,3,3,2,4
434189947,Male,71,1,1,1,1,1
473558542,Female,60,1,1,1,1,1
461214141,Female,62,2,2,1,1,1
431561340,Female,50,3,3,3,3,3
424864747,Male,48,2,2,1,2,2
447522145,Male,31,3,2,3,3,3
407003043,Female,29,2,3,2,2,3
454189140,Male,38,1,1,1,1,2
487845047,Female,33,2,2,3,3,2
473838544,Male,23,2,2,3,2,3
433481541,Male,61,1,1,1,1,1
473545544,Female,31,1,2,1,1,3
447799846,Female,64,2,1,2,2,2
493174842,Male,53,1,1,1,1,2
413387340,Male,48,2,1,1,1,1
493174047,Male,61,2,3,4,4,1
413837743,Female,26,2,1,1,1,1
497204045,Male,40,1,1,1,1,1
413828348,Male,24,1,1,1,1,2
464704947,Male,35,1,3,3,1,3
424998042,Male,61,1,1,1,1,1
407309141,Female,33,2,4,4,2,3
411333448,Female,55,2,1,2,1,3
497173542,Male,57,3,2,1,1,3
431441243,Male,28,3,3,3,3,2
453117046,Female,63,1,1,1,1,1
447875747,Male,65,2,1,1,2,3
471464747,Male,66,1,1,1,1,1
491014047,Female,65,1,1,1,1,2
431204549,Male,19,2,4,4,2,2
447552348,Female,36,2,1,2,2,3
473043346,Female,32,2,3,2,2,3
461633941,Female,50,1,1,2,1,1
401786143,Female,34,2,2,1,2,2
437214041,Female,55,2,1,2,2,2
407514647,Female,43,3,3,4,3,1
423777049,Male,69,2,3,1,1,1
463087147,Male,54,1,1,1,1,2
433478142,Male,54,1,1,1,1,1
493788943,Male,59,1,1,2,2,2
457603645,Male,76,2,2,2,2,2
493218248,Female,44,1,4,4,4,4
453332642,Female,45,2,2,2,1,2
417892146,Female,39,2,2,2,2,3
413307046,Female,52,2,2,3,2,2
477413044,Male,64,2,3,1,2,2
457446648,Male,52,1,1,1,1,1
493407040,Male,21,4,1,1,1,2
433474444,Male,66,2,1,1,1,1
487233044,Female,41,2,2,2,2,4
467378145,Male,64,3,2,2,3,2
467636346,Female,71,2,1,1,1,2
493625249,Male,63,4,3,3,2,1
433417145,Male,52,2,1,1,1,2
454430546,Male,42,3,1,2,3,3
447907643,Male,58,2,1,1,1,2
457825345,Female,37,2,4,4,4,1
493980842,Female,64,1,1,1,1,1
497115547,Female,20,1,1,1,1,1
433842442,Female,35,2,4,3,3,3
434016241,Male,45,2,3,2,2,3
453498643,Female,49,3,2,1,1,1
447545840,Female,29,1,1,2,2,2
493294640,Male,51,4,4,3,2,4
413081249,Female,43,3,3,4,3,3
407113247,Female,33,1,3,4,3,1
493305847,Male,60,3,3,3,3,2
421564244,Male,50,2,2,1,1,1
443243941,Female,37,1,1,1,1,1
447661840,Female,30,1,2,2,1,2
433907441,Male,45,1,1,1,1,2
437336646,Female,59,3,2,2,1,2
491484549,Female,50,2,3,2,2,3
401530142,Male,22,1,4,4,4,4
431544841,Female,67,2,1,1,1,2
467755644,Male,48,1,1,1,1,1
401254340,Female,70,2,2,1,2,2
437754841,Female,47,2,2,2,2,2
401983248,Male,54,2,3,3,3,2
421320049,Male,36,2,2,2,2,2
463200040,Male,32,1,1,1,1,1
467661842,Male,20,1,1,1,1,1
423907541,Female,47,2,2,2,2,3
411377942,Male,64,2,2,1,2,2
493698745,Female,56,1,1,1,1,2
471610440,Male,27,3,3,3,3,3
463894646,Female,74,3,1,2,3,2
431280449,Female,51,3,2,2,2,2
451811845,Female,27,2,2,3,2,1
401280144,Female,38,2,2,2,2,2
443191444,Male,70,2,2,1,2,2
474250845,Female,38,1,3,1,2,2
464009245,Male,32,4,1,1,1,1
431414741,Male,71,2,3,2,2,2
467614243,Female,56,1,1,1,1,1
467461944,Male,30,1,1,1,1,1
407615842,Female,65,1,1,1,1,3
413963242,Male,65,2,2,2,2,2
467322046,Female,24,1,1,1,1,1
437164940,Female,35,3,2,3,2,3
447238548,Female,27,2,2,2,2,3
427877445,Male,26,1,1,1,1,2
447513249,Male,31,1,1,1,1,1
467482642,Female,23,2,2,2,2,3
423350540,Female,72,2,2,1,1,2
401281040,Female,40,1,2,1,1,2
494932341,Male,61,1,1,1,1,1
471014646,Female,21,2,2,1,1,2
477849047,Male,56,3,2,2,2,2
467396441,Male,53,1,1,1,1,1
447424045,Female,49,1,1,2,2,1
417169840,Male,47,2,2,1,1,1
413387341,Male,55,1,1,1,1,1
443894647,Male,50,1,3,1,1,4
483743149,Female,68,4,1,4,4,1
483873845,Male,48,2,1,1,1,1
447831846,Female,67,1,1,1,1,2
403233743,Female,69,2,2,1,1,2
473138746,Female,49,1,1,1,1,1
463742140,Male,55,2,1,1,1,1
483187646,Male,42,1,2,1,1,2
467761544,Female,23,1,1,1,1,1
407257742,Female,62,1,1,1,1,1
413487645,Male,45,1,2,2,2,2
491114845,Female,20,3,1,2,1,3
491896944,Female,29,3,4,4,4,4
404783541,Male,52,1,1,1,1,1
434644540,Female,61,1,1,1,1,1
477635849,Male,25,2,2,1,2,2
431047940,Female,64,1,1,2,1,1
464820845,Male,47,1,1,1,1,2
463275942,Male,58,2,3,2,2,2
407745847,Male,26,1,1,1,1,2
477769440,Female,66,2,2,2,2,1
447569241,Male,29,1,1,1,1,1
414114343,Male,56,2,2,2,2,2
421364346,Female,60,1,1,1,1,1
453285241,Male,67,2,1,1,1,1
401880741,Male,28,1,1,1,1,2
471433344,Male,55,1,1,1,1,1
437381946,Male,62,3,3,3,2,2
407179643,Female,47,2,1,1,1,1
414723040,Male,78,3,3,2,2,3
463187944,Male,48,1,1,1,2,2
454784246,Male,60,2,1,1,1,1
417594046,Male,57,3,2,1,1,2
414069441,Male,54,3,1,1,1,2
427222442,Female,54,1,2,1,1,1
467481547,Female,23,2,2,1,1,1
401903142,Male,27,4,3,4,3,2
443910748,Male,53,3,4,3,3,3
441504449,Male,29,1,1,1,1,1
497709746,Male,23,1,1,1,1,1
473270445,Male,68,2,1,1,1,1
403042645,Male,48,2,3,3,3,3
493432241,Female,46,3,3,4,3,3
461617140,Female,68,2,2,1,1,1
457315642,Male,59,2,3,2,2,2
453177845,Male,54,1,1,1,1,1
477345149,Male,34,3,4,4,3,2
483113146,Female,32,1,1,1,1,1
443509542,Male,40,2,1,1,1,1
474424547,Male,47,1,1,1,1,1
473458945,Female,45,1,1,1,1,1
477838242,Male,59,1,1,1,1,1
467014645,Female,65,1,1,1,1,1
403027243,Female,44,1,1,1,1,1
457965144,Female,34,1,1,1,1,1
424138548,Female,74,2,1,1,1,1
403742744,Male,40,2,2,2,2,3
481374442,Female,41,2,2,2,2,3
484867343,Male,53,1,1,1,1,1
443687547,Male,47,1,1,1,1,1
457628440,Male,66,3,4,3,4,4
437918644,Male,52,2,2,2,1,1
431881145,Female,19,1,1,1,1,2
447069743,Male,44,4,4,2,2,2
467603849,Female,34,3,4,4,4,1
477546141,Male,57,4,4,4,4,1
477140346,Female,20,1,1,1,1,2
483294448,Male,49,1,4,4,4,4
413115046,Male,37,3,1,1,1,1
444519943,Male,55,1,2,1,1,1
444532045,Male,40,2,3,1,1,2
473294641,Female,60,2,2,2,2,2
423066940,Male,26,2,1,1,1,1
401584347,Female,19,1,2,1,2,3
461251645,Female,30,2,2,2,2,3
473855846,Female,20,2,2,2,2,3
463788045,Male,50,2,3,3,3,3
431537845,Female,65,1,2,3,1,2
461680145,Female,22,1,1,1,1,1
417425843,Male,64,1,1,1,1,1
414704841,Male,47,2,2,1,1,1
481793643,Male,64,1,2,1,1,1
473517048,Male,54,2,1,1,1,1
437158744,Male,44,2,2,1,1,1
463487448,Female,49,1,1,1,1,1
437362644,Male,48,1,2,2,2,2
463787846,Male,52,4,1,1,1,1
443017740,Male,60,2,4,4,4,4
473073740,Female,67,2,3,2,2,1
473387749,Male,50,2,2,1,2,2
423789846,Male,36,1,1,1,1,2
421266345,Female,66,4,4,4,4,4
497220142,Female,37,2,2,2,2,3
443507348,Male,73,2,1,1,1,1
413566746,Male,41,3,2,2,2,3
473687443,Male,39,1,1,1,1,1
431504347,Female,27,1,1,1,1,1
497871342,Male,41,3,1,2,2,1
411510545,Female,67,2,1,1,1,2
443318742,Male,53,2,1,1,1,2
407673047,Male,40,1,1,1,1,1
447225448,Male,53,1,1,1,1,2
413065941,Female,66,1,2,1,2,2
417812348,Female,20,2,2,2,2,3
433387245,Male,55,1,1,1,1,1
463078744,Male,37,1,2,2,2,2
433260347,Male,40,1,2,1,1,1
457565945,Male,38,3,3,1,1,2
454444843,Male,40,3,4,3,3,3
467956644,Male,57,2,2,1,1,3
447202644,Female,38,1,2,1,1,1
404063946,Male,50,4,2,1,1,1
467409148,Male,28,1,1,2,2,2
431343244,Male,74,2,1,2,2,2
463961545,Male,51,2,1,1,1,2
403364649,Male,45,2,1,1,1,2
484650244,Male,48,2,2,1,1,1
471881544,Female,29,1,1,1,1,1
473787244,Female,41,1,1,1,1,2
413208244,Female,66,2,3,3,2,3
433077744,Female,55,1,1,1,1,1
483058242,Male,50,1,3,3,3,3
474150448,Male,31,1,1,1,1,1
487669341,Female,35,2,2,1,1,2
417696246,Female,53,3,2,3,3,3
471021540,Male,31,1,1,1,1,2
497010446,Female,49,2,1,1,1,2
447926540,Male,36,1,1,2,1,2
453568148,Female,41,1,2,1,1,1
444464146,Female,33,1,2,2,2,2
474104041,Female,65,2,2,1,1,1
407177343,Male,42,2,2,2,2,2
483907740,Male,56,2,2,1,2,3
431020745,Female,21,3,2,1,3,3
407898544,Male,50,1,1,1,1,2
407781348,Male,55,3,2,1,1,2
463307047,Female,59,1,1,1,1,3
497627549,Male,46,2,2,2,2,1
447972347,Female,40,2,2,2,3,1
423794344,Male,62,2,1,1,1,1
463367548,Male,45,3,2,3,3,2
484384743,Female,41,1,1,1,1,1
431286143,Female,20,3,3,3,3,2
414132743,Male,38,1,1,1,1,2
447416245,Male,20,2,2,2,1,1
417965344,Male,21,3,1,1,1,2
497865345,Female,27,1,1,1,1,2
453487543,Female,57,1,1,1,1,3
473454845,Female,67,1,2,1,1,1
473787942,Male,41,2,2,2,3,2
437454844,Female,50,2,1,1,1,1
413901741,Female,49,2,1,1,1,1
454144047,Male,34,1,1,1,1,1
453966944,Male,51,1,1,1,1,2
461584942,Female,32,1,1,1,1,1
423748641,Male,53,4,2,1,1,4
424714449,Female,44,3,2,3,3,2
427071045,Female,70,2,2,2,2,2
471001648,Female,53,2,2,2,2,2
414172144,Male,54,3,2,2,2,2
477046647,Female,45,1,1,1,1,1
467468041,Male,41,1,2,1,2,2
401666643,Female,47,2,1,1,1,4
463988147,Female,41,1,1,1,1,2
441227247,Female,62,4,1,1,1,1
427977240,Male,54,2,2,2,2,3
473687642,Male,50,1,1,1,1,1
434138041,Male,52,3,2,1,2,3
487914145,Female,63,2,2,1,1,1
493043548,Female,30,3,1,1,1,1
461687240,Female,66,1,1,2,1,1
494189345,Male,64,2,1,4,2,1
451674144,Male,37,3,3,3,2,2
473008449,Female,47,2,2,2,2,2
451581348,Male,22,3,3,2,3,3
457628942,Female,23,2,2,2,1,1
441230846,Female,45,1,3,1,1,4
414543240,Male,44,1,2,1,1,1
413188543,Female,52,2,2,2,2,2
404817649,Male,39,2,1,1,1,2
427450649,Female,23,2,2,2,2,3
493494045,Male,54,2,1,1,1,1
453243047,Female,44,1,1,1,1,1
467247243,Male,37,3,3,3,3,3
443108647,Male,37,2,1,1,1,1
461033148,Male,47,2,3,3,3,2
493706842,Male,44,2,2,2,2,3
453180149,Male,68,1,2,2,2,3
414524846,Male,35,1,1,1,1,1
407573143,Female,48,1,1,1,1,1
417665143,Male,60,2,1,1,1,1
473113845,Male,53,1,1,1,1,1
417061546,Male,31,1,1,1,1,1
447525842,Female,42,1,2,2,1,1
404784145,Female,42,2,1,1,1,2
493687940,Male,60,1,1,1,1,2
407606847,Female,39,1,1,1,1,1
411714848,Male,62,1,1,1,1,1
433687948,Male,40,1,1,1,1,1
447429041,Male,72,1,1,1,1,1
437489846,Female,36,1,1,1,1,2
411017340,Male,67,1,1,1,1,1
431326741,Male,39,1,1,1,1,1
473231648,Female,48,3,1,4,4,1
433354447,Male,56,1,1,1,1,1
433158840,Male,60,2,1,1,1,2
443709249,Male,49,2,2,2,2,2
493613648,Male,43,2,1,1,1,2
491716041,Male,27,3,2,3,3,2
427895644,Male,57,2,2,1,1,2
414669245,Female,55,1,2,2,2,2
454298943,Male,65,2,1,1,1,1
433065840,Female,73,3,2,3,2,2
417571042,Female,53,1,1,1,1,1
483994943,Female,66,2,3,2,2,3
403477946,Male,42,1,1,1,1,2
421197248,Female,20,1,3,1,2,2
487680248,Male,33,4,1,1,2,2
481197941,Male,28,3,2,1,1,2
404650647,Male,34,1,1,1,1,1
493063047,Female,27,2,2,1,1,2
437001948,Male,40,2,1,1,1,1
404538849,Female,63,1,2,2,1,3
461321049,Male,26,2,2,2,2,3
477711844,Male,43,3,4,3,3,3
471591643,Female,41,2,4,3,3,1
467988847,Male,49,4,1,1,1,1
431451640,Male,29,1,1,1,1,1
403654745,Male,44,3,3,3,2,3
403674440,Male,63,1,3,3,3,1
423838648,Female,42,1,1,1,1,1
443510349,Male,50,4,3,4,2,1
427604747,Male,56,4,4,2,2,3
497680348,Male,49,1,1,1,1,1
431617549,Female,61,1,1,1,1,4
453332049,Female,62,1,1,1,1,2
471381042,Male,67,3,1,1,2,1
403137547,Male,47,2,2,1,1,1
447679848,Female,29,2,1,1,1,2
493529045,Male,54,2,2,2,2,2
461940048,Female,61,3,4,3,1,1
461574544,Male,63,1,3,1,1,2
417565742,Male,44,2,1,1,1,2
483878742,Male,59,2,2,2,2,2
474390447,Male,37,4,1,3,3,3
441614440,Male,48,1,1,1,1,3
481720545,Female,58,3,2,2,3,1
457868147,Male,57,3,1,2,1,1
453589945,Female,44,1,2,2,2,2
411591243,Female,20,2,1,1,1,3
467225045,Male,58,1,1,1,1,1
401343841,Male,57,1,3,1,1,1
413487543,Male,54,1,1,1,1,1
437056545,Female,62,1,2,1,1,1
497242744,Female,53,2,2,2,2,2
463367941,Female,23,2,3,2,2,3
451680841,Male,25,1,1,1,1,1
484983243,Male,45,1,3,2,2,2
493454943,Female,64,2,2,2,2,2
494048141,Male,39,1,1,1,1,2
427218541,Female,63,3,1,3,2,3
461614748,Female,67,2,1,2,2,2
431441248,Female,24,1,1,1,1,1
441783241,Female,50,1,1,1,1,1
463507541,Male,31,3,3,3,3,4
433687245,Male,43,3,2,2,3,2
474312441,Female,58,1,1,1,1,1
434814747,Male,73,1,2,1,3,1
424489949,Male,71,2,2,2,2,3
483737045,Female,58,2,3,2,2,2
467435249,Male,55,2,1,1,1,2
401714842,Female,27,1,1,1,1,2
424314546,Male,41,2,1,1,1,1
417789348,Female,56,2,1,1,1,2
437230349,Female,44,1,1,1,1,2
467148149,Male,26,1,1,1,1,1
401226548,Female,70,1,1,1,1,2
487922540,Male,51,2,3,3,3,3
403200247,Male,47,2,1,1,1,2
487859048,Male,30,4,3,3,3,3
407955147,Male,59,1,1,1,1,2
414767645,Female,30,1,1,1,1,1
463454441,Male,49,2,1,1,1,2
414298644,Female,65,1,1,1,1,2
414068245,Male,40,1,1,1,1,2
443594245,Male,32,3,1,3,3,2
433787648,Male,49,2,1,1,1,1
483080544,Male,54,2,3,3,3,3
457895843,Female,31,1,1,1,1,2
463585346,Female,45,1,1,1,1,1
454709444,Female,60,1,1,1,1,1
471487843,Female,34,1,2,1,2,2
441216846,Male,39,3,2,2,2,3
487707543,Male,61,2,3,2,2,4
487196348,Female,32,2,1,1,1,1
493109545,Male,70,2,2,2,2,2
417661341,Female,67,1,2,2,2,2
454132343,Male,41,1,1,1,1,2
494762649,Female,80,3,2,3,2,2
423320044,Male,48,4,3,2,2,4
483601046,Female,52,2,3,1,1,3
423754142,Female,39,4,4,2,2,2
407413847,Male,60,2,3,2,2,3
431704348,Male,75,1,1,1,1,1
481737142,Female,37,1,4,4,4,1
417897446,Female,63,3,1,1,1,1
403893448,Male,59,3,2,2,2,2
491633842,Female,63,1,1,1,1,2
413081142,Female,71,2,1,1,1,1
437914744,Female,22,2,3,3,2,4
454514544,Male,32,1,3,3,3,3
423187744,Male,44,4,2,2,3,3
463518844,Male,34,4,4,4,4,4
491324642,Female,49,3,2,1,1,1
473732245,Female,57,2,2,1,2,2
407010447,Male,37,1,1,1,1,3
427669047,Male,24,2,4,4,4,1
414712945,Male,26,2,3,1,3,3
474369943,Male,58,1,3,3,3,3
444517646,Male,42,1,3,2,1,2
461474747,Female,31,2,2,1,1,2
424009944,Male,59,2,2,3,2,3
494968948,Female,68,1,1,1,1,1
437148348,Male,49,4,1,1,1,1
437205348,Male,25,3,2,1,3,2
453381946,Female,62,1,1,1,1,1
427363341,Female,28,1,2,1,2,3
457405841,Male,33,3,1,2,3,2
443848844,Female,61,1,1,1,1,1
463894746,Male,35,3,2,3,2,2
463521348,Male,39,2,2,2,3,2
414283943,Female,38,1,1,1,1,1
403805841,Male,24,1,1,1,1,2
443894240,Male,51,2,2,1,1,1
463268141,Female,66,2,2,3,1,3
491841944,Female,63,4,2,2,2,3
413332441,Male,41,1,1,1,1,1
404864140,Male,36,2,1,1,1,2
447116444,Female,20,2,2,1,1,3
423558747,Male,57,1,1,2,2,2
487778645,Male,66,2,3,2,2,2
493187646,Male,46,2,1,1,1,1
481671646,Male,19,2,2,2,2,2
443267440,Female,42,2,3,3,3,4
437525144,Female,23,1,1,1,1,1
484556040,Male,42,1,1,1,1,2
424583747,Female,25,1,1,1,1,1
441733143,Male,28,3,2,3,3,2
411841049,Female,29,1,2,1,1,2
487175340,Female,20,1,1,1,1,1
417934548,Female,61,2,2,3,1,2
467782345,Male,38,2,1,1,1,2
471374641,Female,36,3,3,3,3,2
467767847,Male,32,4,1,3,3,3
497183244,Female,66,3,3,1,2,3
487895946,Male,50,1,1,1,1,2
407335245,Male,50,1,1,2,1,1
433594240,Male,47,4,3,4,4,3
487144346,Female,69,2,1,1,1,1
407115342,Female,29,4,4,4,4,1
484768249,Male,63,1,1,1,1,2
423594949,Male,53,3,2,2,2,1
434554742,Male,53,3,2,3,3,3
427489748,Male,50,2,2,2,2,3
463774146,Female,66,2,1,1,1,1
407127240,Male,55,4,1,1,1,3
437559041,Male,54,2,1,2,2,2
457395845,Female,20,2,3,3,2,3
487985540,Female,45,3,2,2,2,3
451444441,Male,19,2,3,2,3,2
473506644,Male,53,4,4,4,4,4
424544046,Female,60,2,1,1,1,1
461031347,Male,31,3,3,3,3,3
437997143,Male,39,2,1,2,2,2
464232444,Male,59,3,1,1,1,2
491014341,Male,49,3,4,4,4,4
487589145,Male,28,2,1,1,1,3
423720243,Male,65,1,1,2,2,1
491277046,Male,41,3,1,2,1,2
401353944,Male,58,2,4,3,4,3
493248841,Female,20,1,1,1,1,1
437805948,Female,21,1,1,1,1,1
483787644,Male,59,2,4,2,2,3
467795141,Female,22,2,2,3,3,2
461583244,Female,67,2,2,2,2,2
457703743,Female,39,1,1,1,1,2
484163743,Male,54,1,3,3,2,1
414009349,Male,38,2,2,3,2,4
467241543,Male,48,1,2,3,3,3
437165245,Male,53,1,1,1,1,1
463080544,Male,28,2,1,1,1,1
441497847,Male,29,1,1,1,1,1
427638542,Male,46,1,1,1,1,4
461414144,Male,28,1,1,1,1,1
487925441,Female,39,1,1,1,1,1
461620942,Male,19,1,1,1,1,2
461774642,Male,27,1,3,1,1,3
471941847,Male,34,1,1,1,1,1
467509642,Female,61,1,1,1,1,1
467209747,Male,52,1,1,1,1,2
457401148,Male,51,2,1,1,1,2
454243141,Male,28,1,1,1,1,2
497009948,Male,28,2,3,3,2,2
427922544,Female,71,1,1,1,1,2
417957449,Male,64,2,1,2,2,3
407627442,Female,48,2,1,1,1,1
471870442,Male,31,4,3,2,2,4
457659647,Male,33,2,2,1,2,3
457280345,Female,39,1,1,1,1,1
491420147,Male,22,2,2,4,3,2
487114946,Female,57,3,3,4,3,3
424770549,Female,71,3,2,1,2,2
407425746,Male,35,1,1,1,1,2
404650240,Male,35,1,1,1,1,1
423238846,Female,64,4,2,4,4,2
487414542,Female,68,2,1,2,2,2
454590841,Male,45,3,2,2,1,3
483507140,Male,40,2,1,1,1,2
477106948,Male,50,4,2,2,2,3
461974348,Female,23,1,1,1,1,1
411087845,Female,41,2,1,2,2,2
454309840,Male,51,2,2,1,2,3
454762646,Male,31,2,1,1,1,1
471064849,Male,63,3,2,2,2,3
471771748,Male,55,2,1,1,1,3
461837148,Female,38,3,1,1,1,1
441760948,Male,28,3,3,2,2,2
443270641,Female,58,4,3,3,3,3
477573247,Male,62,2,4,1,1,4
453933146,Male,47,3,1,1,1,1
463294746,Male,37,2,3,2,3,2
441891449,Male,22,4,3,1,1,4
427806843,Male,47,1,2,1,2,2
431953649,Male,56,2,2,2,2,2
454789846,Female,66,2,1,1,2,2
413918245,Male,37,4,4,4,4,1
447675147,Female,29,1,1,1,4,2
417072447,Female,33,1,4,4,4,4
457114544,Female,26,1,1,1,1,2
407612143,Female,35,1,2,1,1,4
414956846,Female,39,4,1,1,1,1
411781249,Female,20,1,1,1,1,4
447606845,Female,62,2,1,1,1,2
467300545,Female,30,2,3,3,2,3
467181445,Female,29,2,3,2,2,3
457680340,Female,29,2,1,1,1,2
421774044,Female,25,1,1,1,1,1
423687240,Male,48,4,4,2,1,1
491071242,Male,28,1,1,1,1,1
451981945,Female,25,1,1,1,1,1
427144749,Male,67,2,3,3,3,1
461420140,Female,19,1,3,2,2,2
443294145,Male,55,3,3,3,3,2
407378849,Male,21,1,1,1,1,3
457182842,Female,28,1,4,4,4,1
484220543,Male,58,1,2,1,1,1
407397046,Male,40,2,3,2,2,3
427949345,Male,27,4,4,4,4,1
431100548,Male,20,1,1,1,1,2
417703449,Male,47,2,1,1,1,1
484469543,Male,67,2,1,1,1,1
413932340,Male,28,2,3,2,3,3
497945548,Female,24,1,1,1,1,1
447680041,Male,26,1,1,2,2,2
473504449,Male,32,1,1,1,1,2
477814244,Female,66,3,2,2,1,4
431480340,Female,21,1,2,1,1,3
487902840,Female,63,3,1,2,2,2
433094840,Female,67,2,2,1,1,1
413703442,Male,27,4,2,2,1,4
407993741,Female,65,1,2,1,2,2
494686745,Female,64,3,2,4,1,1
453443541,Female,62,2,2,2,2,2
453687740,Male,56,1,3,1,1,1
484542042,Female,57,2,2,3,2,2
451097749,Female,34,2,2,3,3,2
463200045,Male,20,1,1,1,1,1
427978042,Female,54,2,1,1,1,2
443200346,Female,35,2,1,1,1,1
433301544,Female,34,1,3,3,2,3
461561840,Female,52,2,1,1,1,2
497156448,Female,19,2,2,3,2,2
461474948,Female,33,1,1,1,1,1
441370645,Male,29,2,3,4,3,2
463067748,Female,29,1,1,1,1,1
413087348,Male,54,1,1,1,1,3
447864640,Female,75,2,2,2,2,3
417859149,Female,20,2,1,1,1,2
433294141,Male,59,3,2,1,2,3
413809041,Female,20,1,1,1,1,1
457355546,Male,30,4,3,4,3,4
483200141,Female,52,3,1,1,1,3
484228144,Female,32,1,2,1,2,3
487738746,Female,42,2,1,1,1,3
431021947,Female,64,1,1,1,1,1
467307346,Male,54,1,3,2,3,3
467214542,Male,56,1,2,1,1,3
441104745,Male,27,1,1,1,1,1
437703442,Female,66,1,2,1,1,1
447128743,Female,57,2,1,2,2,1
483458349,Female,33,4,1,4,4,1
411277141,Male,54,1,3,3,2,2
434272742,Male,40,3,1,1,1,2
483194940,Male,56,1,1,1,1,2
484309440,Female,65,3,2,1,1,1
453073641,Female,41,1,2,3,3,3
407216148,Male,28,2,2,2,2,3
491584148,Male,54,2,1,1,1,3
433120449,Male,26,3,1,1,1,4
403381440,Male,39,4,3,3,4,2
497015540,Female,28,2,2,2,2,3
441043642,Male,27,2,2,2,2,3
457589644,Female,48,1,1,1,1,2
411756343,Female,54,2,1,1,2,2
451614143,Female,20,2,2,2,2,2
483787541,Female,69,2,1,2,2,2
454350542,Male,35,3,2,1,1,4
497046645,Male,66,2,2,1,1,2
443745845,Female,75,2,1,1,1,1
431500544,Female,72,1,2,3,3,1
477046748,Female,27,2,1,1,1,3
433787348,Female,32,1,1,1,1,2
487441045,Male,64,2,1,1,1,2
433654144,Male,55,1,3,3,3,3
491786541,Female,51,1,1,1,1,2
473301840,Female,51,2,1,1,1,1
413767349,Female,35,1,4,3,4,1
467132142,Male,23,4,2,1,1,4
497879247,Male,52,1,3,3,3,3
481957445,Female,29,4,4,4,4,4
443374546,Female,74,2,3,1,1,1
403029445,Male,59,1,1,1,1,1
473237843,Male,26,4,3,3,2,1
471920343,Female,55,2,2,2,1,3
403870440,Female,54,1,1,1,1,1
413818042,Male,28,3,3,3,4,2
483907140,Male,58,3,2,2,2,2
463289242,Female,42,2,2,2,2,2
413887142,Male,50,3,3,3,2,3
447572044,Male,32,1,1,1,1,2
443794642,Female,29,1,1,1,1,1
477080447,Male,28,1,1,1,1,1
417792447,Female,19,1,1,1,1,1
451846248,Male,29,1,1,1,1,1
407664542,Female,26,1,1,1,1,2
471723042,Male,31,1,1,1,1,2
401843444,Female,57,3,2,2,2,2
477163940,Female,22,1,1,1,1,1
423113944,Male,58,2,2,2,2,2
427630347,Female,58,3,2,2,2,2
404450442,Male,49,1,2,1,1,1
401764942,Female,60,2,2,1,1,1
417571749,Male,50,2,2,2,2,2
491900949,Female,48,4,2,1,2,3
451193749,Female,69,2,2,2,3,1
403403449,Female,46,2,2,2,2,3
413894542,Female,50,2,2,3,2,2
423994547,Female,52,1,2,1,1,1
411494244,Female,50,2,2,1,1,1
424809343,Male,42,2,1,1,1,1
404444041,Female,64,2,1,1,1,1
413208143,Female,45,2,4,3,3,2
463291149,Male,22,2,3,3,3,3
457825246,Male,44,4,2,4,2,2
433201942,Male,69,1,1,1,1,4
463494348,Female,50,2,2,4,2,1
473001949,Male,47,2,1,2,2,3
453894641,Male,53,2,1,1,1,2
443513743,Male,26,2,2,2,2,3
473907547,Male,60,2,2,3,3,3
453529642,Female,69,1,1,1,1,1
481953746,Female,60,3,2,2,2,1
433078849,Male,57,2,2,2,2,2
421931248,Female,29,3,3,3,3,2
481944143,Male,60,2,1,2,2,2
454964146,Male,45,1,2,1,1,2
411630748,Female,53,1,1,1,1,1
463118240,Female,55,2,2,2,2,3
423894948,Female,62,4,4,4,4,4
427601043,Male,27,1,1,1,1,1
483429640,Female,61,3,4,4,4,4
407888144,Female,49,1,2,2,2,3
461074245,Male,59,2,3,1,1,2
433894649,Female,53,2,1,1,1,1
477885247,Female,57,3,4,3,3,3
454284347,Male,59,1,1,1,1,2
483845343,Female,54,1,2,1,1,1
457338648,Male,69,3,1,1,1,1
424164041,Male,74,1,1,1,1,1
474804147,Female,29,2,2,2,2,2
424454543,Male,56,1,1,2,1,1
447275649,Female,35,1,1,1,1,1
494644549,Male,50,2,2,1,1,2
411614740,Male,23,1,1,1,1,3
